[
{"name": "be quiet! Pure Rock Slim 2", "description": "Cooling Method Active | 4 pin | Noise Level 25.4 dB | Max. Revolution 2,000 rpm | Total Height 135 mm", "image_links": ["https://cdn.idealo.com/folder/Product/201181/9/201181946/s3_produktbild_max/be-quiet-pure-rock-slim-2.jpg", "https://cdn.idealo.com/folder/Product/201181/9/201181946/s3_produktbild_max_1/be-quiet-pure-rock-slim-2.jpg", "https://cdn.idealo.com/folder/Product/201181/9/201181946/s3_produktbild_max_2/be-quiet-pure-rock-slim-2.jpg", "https://cdn.idealo.com/folder/Product/201181/9/201181946/s3_produktbild_max_3/be-quiet-pure-rock-slim-2.jpg", "https://cdn.idealo.com/folder/Product/201181/9/201181946/s3_produktbild_max_4/be-quiet-pure-rock-slim-2.jpg", "https://cdn.idealo.com/folder/Product/201181/9/201181946/s3_produktbild_max_5/be-quiet-pure-rock-slim-2.jpg"], "price": "24.49", "compatible_sockets": ["Socket AM4", "Socket AM3+", "Socket AM3", "Socket 1155", "Socket 1151", "Socket 1150", "socket 1200"], "specifications": "{\"Name\": {\"Product Type\": \"Tower Cooler\", \"Compatible Sockets\": \"Socket AM4, Socket AM3+, Socket AM3, Socket 1155, Socket 1151, Socket 1150, socket 1200\", \"Compatibility\": \"AMD, Intel\", \"Cooling Method\": \"Active\", \"Port\": \"4 pin\", \"Maximum Cooling Capacity\": \"130\", \"Properties\": \"PWM Controlled\"}, \"Fan Properties\": {\"Noise Level\": \"25.4 dB\", \"Fan Colour\": \"Black\", \"Max. Revolution\": \"2,000 rpm\", \"Number of Fans\": \"1\", \"Fan Diameter\": \"92 mm\"}, \"Heat Sink Properties\": {\"Cooler Colour\": \"Silver\", \"Materials\": \"Copper, Aluminium\", \"Number of Heat Pipes\": \"6\"}, \"Dimensions & Weight\": {\"Overall Width\": \"97 mm\", \"Combined Depth\": \"82 mm\", \"Total Height\": \"135 mm\", \"Weight\": \"385 g\"}, \"Additional Information\": {\"Certificates/Safety\": \"RoHS\", \"\": null}}"},
{"name": "Noctua NH-U14S TR4-SP3", "description": "Cooling Method Active | Noise Level 24.6 dB | Max. Revolution 1,500 rpm | Total Height 165 mm", "image_links": ["https://cdn.idealo.com/folder/Product/5735/4/5735428/s3_produktbild_max/noctua-nh-u14s-tr4-sp3.jpg", "https://cdn.idealo.com/folder/Product/5735/4/5735428/s3_produktbild_max_1/noctua-nh-u14s-tr4-sp3.jpg"], "price": "89.95", "compatible_sockets": ["Socket TR4", "Socket SP3"], "specifications": "{\"Name\": {\"Product Type\": \"Tower Cooler\", \"Compatible Sockets\": \"Socket TR4, Socket SP3\", \"Compatibility\": \"AMD\", \"Cooling Method\": \"Active\", \"MTBF\": \"150,000 hours\"}, \"Fan Properties\": {\"Noise Level\": \"24.6 dB\", \"Fan Colour\": \"Brown\", \"Max. Revolution\": \"1,500 rpm\", \"Number of Fans\": \"1\"}, \"Dimensions & Weight\": {\"Overall Width\": \"150 mm\", \"Combined Depth\": \"78 mm\", \"Total Height\": \"165 mm\"}}"},
{"name": "Noctua NH-D15 G2 LBC", "description": "Cooling Method Active | 4 pin | Volume Flow 155.6 m3/h | Noise Level 24.6 dB | Max. Revolution 1,500 rpm | Total Height 168 mm | Systemeignung (MainDetail) AMD & Intel", "image_links": ["https://cdn.idealo.com/folder/Product/204497/9/204497991/s3_produktbild_max/noctua-nh-d15-g2-lbc.jpg", "https://cdn.idealo.com/folder/Product/204497/9/204497991/s3_produktbild_max_1/noctua-nh-d15-g2-lbc.jpg", "https://cdn.idealo.com/folder/Product/204497/9/204497991/s3_produktbild_max_2/noctua-nh-d15-g2-lbc.jpg"], "price": "127.95", "compatible_sockets": ["Socket AM5", "Socket AM4", "Socket 1700", "socket 1200", "Socket 1156", "Socket 1155", "Socket 1151", "Socket 1150"], "specifications": "{\"Name\": {\"Product Type\": \"Tower Cooler\", \"Compatible Sockets\": \"Socket AM5, Socket AM4, Socket 1700, socket 1200, Socket 1156, Socket 1155, Socket 1151, Socket 1150\", \"Compatibility\": \"AMD, Intel\", \"Cooling Method\": \"Active\", \"MTBF\": \"150,000 hours\", \"Port\": \"4 pin\", \"Maximum Cooling Capacity\": \"130\", \"Volume Flow\": \"155.6 m3/h\", \"Properties\": \"Silent, PWM Controlled\"}, \"Fan Properties\": {\"Noise Level\": \"24.6 dB\", \"Max. Revolution\": \"1,500 rpm\", \"Fan Bearing\": \"SSO2-Bearing\", \"Number of Fans\": \"2\", \"Fan Positions\": \"Middle, To the Side\", \"Fan Diameter\": \"140 mm\"}, \"Heat Sink Properties\": {\"Cooler Colour\": \"Silver\", \"Materials\": \"Aluminium, Copper\", \"Heatsink Height\": \"160 mm\", \"Heatsink Width\": \"150 mm\", \"Depth of Heatsink (mm)\": \"135\", \"Number of Heat Pipes\": \"6\", \"Heat Pipes Diameter\": \"6 mm\", \"CPU Contact Surface\": \"CNC machined copper base\"}, \"Dimensions & Weight\": {\"Overall Width\": \"150 mm\", \"Combined Depth\": \"127 mm\", \"Total Height\": \"168 mm\", \"Weight\": \"1,320 g\"}, \"Additional Information\": {\"Nominal Voltage\": \"12 V\", \"Certificates/Safety\": \"RoHS\", \"Included in Delivery\": \"Heat Sink, Fan, Fan Clips, Y Spilt Cable, Assembly Material, Thermal Paste, Instruction Manual, Low-Noise Adapter\", \"\": null}}"},
{"name": "DeepCool AK620 ZERO DARK", "description": "Cooling Method Active | 4 pin | Noise Level 28 dB | Max. Revolution 1,850 rpm | Total Height 160 mm", "image_links": ["https://cdn.idealo.com/folder/Product/202338/1/202338148/s3_produktbild_max/deepcool-ak620-zero-dark.jpg", "https://cdn.idealo.com/folder/Product/202338/1/202338148/s3_produktbild_max_1/deepcool-ak620-zero-dark.jpg", "https://cdn.idealo.com/folder/Product/202338/1/202338148/s3_produktbild_max_2/deepcool-ak620-zero-dark.jpg", "https://cdn.idealo.com/folder/Product/202338/1/202338148/s3_produktbild_max_3/deepcool-ak620-zero-dark.jpg", "https://cdn.idealo.com/folder/Product/202338/1/202338148/s3_produktbild_max_4/deepcool-ak620-zero-dark.jpg", "https://cdn.idealo.com/folder/Product/202338/1/202338148/s3_produktbild_max_5/deepcool-ak620-zero-dark.jpg", "https://cdn.idealo.com/folder/Product/202338/1/202338148/s3_produktbild_max_6/deepcool-ak620-zero-dark.jpg", "https://cdn.idealo.com/folder/Product/202338/1/202338148/s3_produktbild_max_7/deepcool-ak620-zero-dark.jpg", "https://cdn.idealo.com/folder/Product/202338/1/202338148/s3_produktbild_max_8/deepcool-ak620-zero-dark.jpg", "https://cdn.idealo.com/folder/Product/202338/1/202338148/s3_produktbild_max_9/deepcool-ak620-zero-dark.jpg"], "price": "48.38", "compatible_sockets": ["Socket AM4", "Socket 2066", "Socket 2011-3", "Socket 2011", "socket 1200", "Socket 1155", "Socket 1151", "Socket 1150", "Socket 1700", "Socket AM5"], "specifications": "{\"Name\": {\"Product Type\": \"Tower Cooler\", \"Compatible Sockets\": \"Socket AM4, Socket 2066, Socket 2011-3, Socket 2011, socket 1200, Socket 1155, Socket 1151, Socket 1150, Socket 1700, Socket AM5\", \"Compatibility\": \"AMD, Intel\", \"Cooling Method\": \"Active\", \"Port\": \"4 pin\", \"Properties\": \"PWM Controlled\"}, \"Fan Properties\": {\"Noise Level\": \"28 dB\", \"Fan Colour\": \"Black\", \"Minimum Speed\": \"500 rpm\", \"Max. Revolution\": \"1,850 rpm\", \"Fan Bearing\": \"Fluid Bearing\", \"Number of Fans\": \"2\", \"Fan Diameter\": \"120 mm\"}, \"Heat Sink Properties\": {\"Cooler Colour\": \"Black\", \"Number of Heat Pipes\": \"6\", \"Heat Pipes Diameter\": \"6 mm\"}, \"Dimensions & Weight\": {\"Overall Width\": \"129 mm\", \"Combined Depth\": \"138 mm\", \"Total Height\": \"160 mm\", \"Weight\": \"1,456 g\", \"\": null}}"},
{"name": "Endorfy Fera 5 ARGB", "description": "Cooling Method Active | 4 pin | Max. Revolution 1,800 rpm | Total Height 77 mm", "image_links": ["https://cdn.idealo.com/folder/Product/202283/5/202283500/s3_produktbild_max/endorfy-fera-5-argb.jpg", "https://cdn.idealo.com/folder/Product/202283/5/202283500/s3_produktbild_max_1/endorfy-fera-5-argb.jpg", "https://cdn.idealo.com/folder/Product/202283/5/202283500/s3_produktbild_max_2/endorfy-fera-5-argb.jpg", "https://cdn.idealo.com/folder/Product/202283/5/202283500/s3_produktbild_max_3/endorfy-fera-5-argb.jpg", "https://cdn.idealo.com/folder/Product/202283/5/202283500/s3_produktbild_max_4/endorfy-fera-5-argb.jpg", "https://cdn.idealo.com/folder/Product/202283/5/202283500/s3_produktbild_max_5/endorfy-fera-5-argb.jpg", "https://cdn.idealo.com/folder/Product/202283/5/202283500/s3_produktbild_max_6/endorfy-fera-5-argb.jpg", "https://cdn.idealo.com/folder/Product/202283/5/202283500/s3_produktbild_max_7/endorfy-fera-5-argb.jpg"], "price": "28.90", "compatible_sockets": ["Socket AM3+", "Socket AM2+", "Socket AM2", "socket 1200", "Socket FM1", "Socket AM4", "Socket AM3", "Socket FM2+", "Socket 775", "Socket 2066", "Socket 2011-3", "Socket 2011", "Socket 1366", "Socket 1156", "Socket 1155", "Socket 1151", "Socket 1150", "Socket FM2", "Socket AM5", "Socket 1700"], "specifications": "{\"Name\": {\"Product Type\": \"Tower Cooler\", \"Compatible Sockets\": \"Socket AM3+, Socket AM2+, Socket AM2, socket 1200, Socket FM1, Socket AM4, Socket AM3, Socket FM2+, Socket 775, Socket 2066, Socket 2011-3, Socket 2011, Socket 1366, Socket 1156, Socket 1155, Socket 1151, Socket 1150, Socket FM2, Socket AM5, Socket 1700\", \"Compatibility\": \"AMD, Intel\", \"Cooling Method\": \"Active\", \"MTBF\": \"100,000 hours\", \"Port\": \"4 pin\", \"Maximum Cooling Capacity\": \"220\", \"Properties\": \"LED Illumination\"}, \"Fan Properties\": {\"Fan Colour\": \"Black\", \"Minimum Speed\": \"250 rpm\", \"Max. Revolution\": \"1,800 rpm\", \"Number of Fans\": \"1\", \"Fan Diameter\": \"120 mm\"}, \"Heat Sink Properties\": {\"Material\": \"Copper\", \"Number of Heat Pipes\": \"4\"}, \"Dimensions & Weight\": {\"Overall Width\": \"155 mm\", \"Combined Depth\": \"127 mm\", \"Total Height\": \"77 mm\", \"\": null}}"},
{"name": "Cooler Master MasterAir MA824 Stealth", "description": "Cooling Method Active | 4 pin | Max. Revolution 1,950 rpm | Total Height 165 mm", "image_links": ["https://cdn.idealo.com/folder/Product/202938/7/202938785/s3_produktbild_max/cooler-master-masterair-ma824-stealth.jpg", "https://cdn.idealo.com/folder/Product/202938/7/202938785/s3_produktbild_max_1/cooler-master-masterair-ma824-stealth.jpg", "https://cdn.idealo.com/folder/Product/202938/7/202938785/s3_produktbild_max_2/cooler-master-masterair-ma824-stealth.jpg", "https://cdn.idealo.com/folder/Product/202938/7/202938785/s3_produktbild_max_3/cooler-master-masterair-ma824-stealth.jpg", "https://cdn.idealo.com/folder/Product/202938/7/202938785/s3_produktbild_max_4/cooler-master-masterair-ma824-stealth.jpg", "https://cdn.idealo.com/folder/Product/202938/7/202938785/s3_produktbild_max_5/cooler-master-masterair-ma824-stealth.jpg", "https://cdn.idealo.com/folder/Product/202938/7/202938785/s3_produktbild_max_6/cooler-master-masterair-ma824-stealth.jpg", "https://cdn.idealo.com/folder/Product/202938/7/202938785/s3_produktbild_max_7/cooler-master-masterair-ma824-stealth.jpg"], "price": "57.99", "compatible_sockets": ["Socket 1150", "Socket 1151", "Socket 1155", "Socket 1156", "Socket 1700", "socket 1200", "Socket AM4", "Socket AM5"], "specifications": "{\"Name\": {\"Product Type\": \"Tower Cooler\", \"Compatible Sockets\": \"Socket 1150, Socket 1151, Socket 1155, Socket 1156, Socket 1700, socket 1200, Socket AM4, Socket AM5\", \"Compatibility\": \"AMD, Intel\", \"Cooling Method\": \"Active\", \"MTBF\": \"200,000 hours\", \"Port\": \"4 pin\", \"Properties\": \"PWM Controlled\"}, \"Fan Properties\": {\"Fan Colour\": \"Black\", \"Max. Revolution\": \"1,950 rpm\", \"Number of Fans\": \"2\", \"Fan Diameter\": \"120 mm, 135 mm\"}, \"Heat Sink Properties\": {\"Number of Heat Pipes\": \"8\"}, \"Dimensions & Weight\": {\"Overall Width\": \"151 mm\", \"Combined Depth\": \"162 mm\", \"Total Height\": \"165 mm\"}, \"Additional Information\": {\"Nominal Voltage\": \"12 V\", \"\": null}}"},
{"name": "Noctua NH-D15 chromax.black", "description": "Cooling Method Active | Volume Flow 140.2 m3/h | Noise Level 24.6 dB | Max. Revolution 1,500 rpm | Total Height 165 mm", "image_links": ["https://cdn.idealo.com/folder/Product/6807/3/6807343/s3_produktbild_max/noctua-nh-d15-chromax-black.jpg", "https://cdn.idealo.com/folder/Product/6807/3/6807343/s3_produktbild_max_1/noctua-nh-d15-chromax-black.jpg", "https://cdn.idealo.com/folder/Product/6807/3/6807343/s3_produktbild_max_2/noctua-nh-d15-chromax-black.jpg", "https://cdn.idealo.com/folder/Product/6807/3/6807343/s3_produktbild_max_3/noctua-nh-d15-chromax-black.jpg"], "price": "109.95", "compatible_sockets": ["Socket AM2", "Socket AM2+", "Socket AM3", "Socket AM4", "Socket FM1", "Socket 1150", "Socket 1151", "Socket 1155", "Socket 1156", "Socket FM2", "Socket FM2+", "Socket AM3+", "Socket 2066", "Socket 2011", "Socket 2011-3"], "specifications": "{\"Name\": {\"Product Type\": \"Tower Cooler\", \"Compatible Sockets\": \"Socket AM2, Socket AM2+, Socket AM3, Socket AM4, Socket FM1, Socket 1150, Socket 1151, Socket 1155, Socket 1156, Socket FM2, Socket FM2+, Socket AM3+, Socket 2066, Socket 2011, Socket 2011-3\", \"Compatibility\": \"AMD, Intel\", \"Cooling Method\": \"Active\", \"MTBF\": \"150,000 hours\", \"Volume Flow\": \"140.2 m3/h\"}, \"Fan Properties\": {\"Noise Level\": \"24.6 dB\", \"Fan Colour\": \"Black\", \"Minimum Speed\": \"300 rpm\", \"Max. Revolution\": \"1,500 rpm\", \"Number of Fans\": \"2\", \"Fan Diameter\": \"140 mm\"}, \"Dimensions & Weight\": {\"Overall Width\": \"150 mm\", \"Combined Depth\": \"161 mm\", \"Total Height\": \"165 mm\", \"Weight\": \"1,320 g\"}, \"Additional Information\": {\"Nominal Voltage\": \"12 V\", \"\": null}}"},
{"name": "be quiet! Dark Rock Pro 5", "description": "Cooling Method Active | 4 pin | Noise Level 32.3 dB | Max. Revolution 2,000 rpm | Total Height 168 mm", "image_links": ["https://cdn.idealo.com/folder/Product/203396/8/203396874/s3_produktbild_max/be-quiet-dark-rock-pro-5.jpg", "https://cdn.idealo.com/folder/Product/203396/8/203396874/s3_produktbild_max_1/be-quiet-dark-rock-pro-5.jpg", "https://cdn.idealo.com/folder/Product/203396/8/203396874/s3_produktbild_max_2/be-quiet-dark-rock-pro-5.jpg", "https://cdn.idealo.com/folder/Product/203396/8/203396874/s3_produktbild_max_3/be-quiet-dark-rock-pro-5.jpg", "https://cdn.idealo.com/folder/Product/203396/8/203396874/s3_produktbild_max_4/be-quiet-dark-rock-pro-5.jpg", "https://cdn.idealo.com/folder/Product/203396/8/203396874/s3_produktbild_max_5/be-quiet-dark-rock-pro-5.jpg", "https://cdn.idealo.com/folder/Product/203396/8/203396874/s3_produktbild_max_6/be-quiet-dark-rock-pro-5.jpg"], "price": "67.31", "compatible_sockets": ["socket 1200", "Socket AM5", "Socket AM4", "Socket 1700", "Socket 1150", "Socket 1151", "Socket 1155"], "specifications": "{\"Name\": {\"Product Type\": \"Tower Cooler\", \"Compatible Sockets\": \"socket 1200, Socket AM5, Socket AM4, Socket 1700, Socket 1150, Socket 1151, Socket 1155\", \"Compatibility\": \"Intel, AMD\", \"Cooling Method\": \"Active\", \"MTBF\": \"300,000 hours\", \"Port\": \"4 pin\", \"Maximum Cooling Capacity\": \"270\", \"Properties\": \"Silent, PWM Controlled\"}, \"Fan Properties\": {\"Noise Level\": \"32.3 dB\", \"Fan Colour\": \"Black\", \"Max. Revolution\": \"2,000 rpm\", \"Fan Bearing\": \"Fluid Bearing\", \"Number of Fans\": \"2\", \"Fan Diameter\": \"120 mm\"}, \"Heat Sink Properties\": {\"Material\": \"Aluminium\", \"Number of Heat Pipes\": \"7\", \"Heat Pipes Diameter\": \"6 mm\"}, \"Dimensions & Weight\": {\"Overall Width\": \"136 mm\", \"Combined Depth\": \"145 mm\", \"Total Height\": \"168 mm\", \"Weight\": \"1,292 g\"}, \"Additional Information\": {\"Nominal Voltage\": \"12 V\", \"\": null}}"},
{"name": "Noctua NH-L9i-17xx", "description": "Cooling Method Active | 4 pin | Volume Flow 57.5 m3/h | Noise Level 23.6 dB | Max. Revolution 2,500 rpm | Total Height 37 mm", "image_links": ["https://cdn.idealo.com/folder/Product/201791/8/201791812/s3_produktbild_max/noctua-nh-l9i-17xx.jpg", "https://cdn.idealo.com/folder/Product/201791/8/201791812/s3_produktbild_max_1/noctua-nh-l9i-17xx.jpg", "https://cdn.idealo.com/folder/Product/201791/8/201791812/s3_produktbild_max_2/noctua-nh-l9i-17xx.jpg", "https://cdn.idealo.com/folder/Product/201791/8/201791812/s3_produktbild_max_3/noctua-nh-l9i-17xx.jpg"], "price": "39.95", "compatible_sockets": ["Socket 1700"], "specifications": "{\"Name\": {\"Product Type\": \"Tower Cooler\", \"Compatible Sockets\": \"Socket 1700\", \"Compatibility\": \"Intel\", \"Cooling Method\": \"Active\", \"Port\": \"4 pin\", \"Volume Flow\": \"57.5 m3/h\", \"Properties\": \"Low Profile, PWM Controlled\"}, \"Fan Properties\": {\"Noise Level\": \"23.6 dB\", \"Fan Colour\": \"Brown, Beige\", \"Max. Revolution\": \"2,500 rpm\", \"Number of Fans\": \"1\", \"Fan Diameter\": \"92 mm\"}, \"Heat Sink Properties\": {\"Materials\": \"Copper, Aluminium\", \"Number of Heat Pipes\": \"4\"}, \"Dimensions & Weight\": {\"Overall Width\": \"95 mm\", \"Combined Depth\": \"95 mm\", \"Total Height\": \"37 mm\", \"Weight\": \"380 g\", \"\": null}}"},
{"name": "Noctua NH-D15 G2", "description": "Cooling Method Active | 4 pin | Volume Flow 155.6 m3/h | Noise Level 24.6 dB | Max. Revolution 1,500 rpm | Total Height 168 mm | Systemeignung (MainDetail) AMD & Intel", "image_links": ["https://cdn.idealo.com/folder/Product/204497/9/204497987/s3_produktbild_max/noctua-nh-d15-g2.jpg", "https://cdn.idealo.com/folder/Product/204497/9/204497987/s3_produktbild_max_1/noctua-nh-d15-g2.jpg", "https://cdn.idealo.com/folder/Product/204497/9/204497987/s3_produktbild_max_2/noctua-nh-d15-g2.jpg"], "price": "124.00", "compatible_sockets": ["Socket AM5", "Socket AM4", "Socket 1700", "socket 1200", "Socket 1156", "Socket 1155", "Socket 1151", "Socket 1150"], "specifications": "{\"Name\": {\"Product Type\": \"Tower Cooler\", \"Compatible Sockets\": \"Socket AM5, Socket AM4, Socket 1700, socket 1200, Socket 1156, Socket 1155, Socket 1151, Socket 1150\", \"Compatibility\": \"AMD, Intel\", \"Cooling Method\": \"Active\", \"MTBF\": \"150,000 hours\", \"Port\": \"4 pin\", \"Maximum Cooling Capacity\": \"130\", \"Volume Flow\": \"155.6 m3/h\", \"Properties\": \"Silent, PWM Controlled\"}, \"Fan Properties\": {\"Noise Level\": \"24.6 dB\", \"Fan Colour\": \"Brown\", \"Max. Revolution\": \"1,500 rpm\", \"Fan Bearing\": \"SSO2-Bearing\", \"Number of Fans\": \"2\", \"Fan Positions\": \"Middle, To the Side\", \"Fan Diameter\": \"140 mm\"}, \"Heat Sink Properties\": {\"Cooler Colour\": \"Silver\", \"Materials\": \"Aluminium, Copper\", \"Heatsink Height\": \"160 mm\", \"Heatsink Width\": \"150 mm\", \"Depth of Heatsink (mm)\": \"135\", \"Number of Heat Pipes\": \"6\", \"Heat Pipes Diameter\": \"6 mm\", \"CPU Contact Surface\": \"CNC machined copper base\"}, \"Dimensions & Weight\": {\"Overall Width\": \"150 mm\", \"Combined Depth\": \"127 mm\", \"Total Height\": \"168 mm\", \"Weight\": \"1,320 g\"}, \"Additional Information\": {\"Nominal Voltage\": \"12 V\", \"Certificates/Safety\": \"RoHS\", \"Included in Delivery\": \"Heat Sink, Fan, Fan Clips, Y Spilt Cable, Assembly Material, Thermal Paste, Instruction Manual, Low-Noise Adapter\", \"\": null}}"},
{"name": "Cooler Master Hyper 212 Halo Black", "description": "Cooling Method Active | 4 pin | Noise Level 27 dB | Max. Revolution 2,050 rpm | Total Height 154 mm", "image_links": ["https://cdn.idealo.com/folder/Product/202871/1/202871128/s3_produktbild_max/cooler-master-hyper-212-halo-black.jpg", "https://cdn.idealo.com/folder/Product/202871/1/202871128/s3_produktbild_max_1/cooler-master-hyper-212-halo-black.jpg", "https://cdn.idealo.com/folder/Product/202871/1/202871128/s3_produktbild_max_2/cooler-master-hyper-212-halo-black.jpg", "https://cdn.idealo.com/folder/Product/202871/1/202871128/s3_produktbild_max_3/cooler-master-hyper-212-halo-black.jpg", "https://cdn.idealo.com/folder/Product/202871/1/202871128/s3_produktbild_max_4/cooler-master-hyper-212-halo-black.jpg", "https://cdn.idealo.com/folder/Product/202871/1/202871128/s3_produktbild_max_5/cooler-master-hyper-212-halo-black.jpg", "https://cdn.idealo.com/folder/Product/202871/1/202871128/s3_produktbild_max_6/cooler-master-hyper-212-halo-black.jpg", "https://cdn.idealo.com/folder/Product/202871/1/202871128/s3_produktbild_max_7/cooler-master-hyper-212-halo-black.jpg", "https://cdn.idealo.com/folder/Product/202871/1/202871128/s3_produktbild_max_8/cooler-master-hyper-212-halo-black.jpg", "https://cdn.idealo.com/folder/Product/202871/1/202871128/s3_produktbild_max_9/cooler-master-hyper-212-halo-black.jpg", "https://cdn.idealo.com/folder/Product/202871/1/202871128/s3_produktbild_max_10/cooler-master-hyper-212-halo-black.jpg", "https://cdn.idealo.com/folder/Product/202871/1/202871128/s3_produktbild_max_11/cooler-master-hyper-212-halo-black.jpg", "https://cdn.idealo.com/folder/Product/202871/1/202871128/s3_produktbild_max_12/cooler-master-hyper-212-halo-black.jpg"], "price": "35.97", "compatible_sockets": ["Socket AM4", "socket 1200", "Socket 1156", "Socket 1155", "Socket 1151", "Socket 1150", "Socket AM5", "Socket 1700"], "specifications": "{\"Name\": {\"Product Type\": \"Tower Cooler\", \"Compatible Sockets\": \"Socket AM4, socket 1200, Socket 1156, Socket 1155, Socket 1151, Socket 1150, Socket AM5, Socket 1700\", \"Compatibility\": \"Intel, AMD\", \"Cooling Method\": \"Active\", \"MTBF\": \"160,000 hours\", \"Port\": \"4 pin\", \"Properties\": \"PWM Controlled, LED Illumination\"}, \"Fan Properties\": {\"Noise Level\": \"27 dB\", \"Fan Colour\": \"Black\", \"Minimum Speed\": \"650 rpm\", \"Max. Revolution\": \"2,050 rpm\", \"Number of Fans\": \"1\", \"Fan Diameter\": \"120 mm\"}, \"Heat Sink Properties\": {\"Material\": \"Copper\", \"Number of Heat Pipes\": \"4\"}, \"Dimensions & Weight\": {\"Overall Width\": \"73 mm\", \"Combined Depth\": \"124 mm\", \"Total Height\": \"154 mm\", \"\": null}}"},
{"name": "DeepCool Assassin IV", "description": "Cooling Method Active | 4 pin | Noise Level 29.3 dB | Max. Revolution 1,350 rpm | Total Height 164 mm", "image_links": ["https://cdn.idealo.com/folder/Product/203103/0/203103088/s3_produktbild_max/deepcool-assassin-iv.jpg", "https://cdn.idealo.com/folder/Product/203103/0/203103088/s3_produktbild_max_1/deepcool-assassin-iv.jpg", "https://cdn.idealo.com/folder/Product/203103/0/203103088/s3_produktbild_max_2/deepcool-assassin-iv.jpg", "https://cdn.idealo.com/folder/Product/203103/0/203103088/s3_produktbild_max_3/deepcool-assassin-iv.jpg", "https://cdn.idealo.com/folder/Product/203103/0/203103088/s3_produktbild_max_4/deepcool-assassin-iv.jpg", "https://cdn.idealo.com/folder/Product/203103/0/203103088/s3_produktbild_max_5/deepcool-assassin-iv.jpg", "https://cdn.idealo.com/folder/Product/203103/0/203103088/s3_produktbild_max_6/deepcool-assassin-iv.jpg", "https://cdn.idealo.com/folder/Product/203103/0/203103088/s3_produktbild_max_7/deepcool-assassin-iv.jpg", "https://cdn.idealo.com/folder/Product/203103/0/203103088/s3_produktbild_max_8/deepcool-assassin-iv.jpg", "https://cdn.idealo.com/folder/Product/203103/0/203103088/s3_produktbild_max_9/deepcool-assassin-iv.jpg", "https://cdn.idealo.com/folder/Product/203103/0/203103088/s3_produktbild_max_10/deepcool-assassin-iv.jpg"], "price": "72.89", "compatible_sockets": ["Socket AM5", "Socket AM4", "Socket 1700", "socket 1200", "Socket 1156", "Socket 1155", "Socket 1151", "Socket 1150", "Socket 2066", "Socket 2011-3", "Socket 2011"], "specifications": "{\"Name\": {\"Product Type\": \"Tower Cooler\", \"Compatible Sockets\": \"Socket AM5, Socket AM4, Socket 1700, socket 1200, Socket 1156, Socket 1155, Socket 1151, Socket 1150, Socket 2066, Socket 2011-3, Socket 2011\", \"Compatibility\": \"AMD, Intel\", \"Cooling Method\": \"Active\", \"Port\": \"4 pin\", \"Properties\": \"PWM Controlled\"}, \"Fan Properties\": {\"Noise Level\": \"29.3 dB\", \"Fan Colour\": \"Black\", \"Minimum Speed\": \"500 rpm\", \"Max. Revolution\": \"1,350 rpm\", \"Fan Bearing\": \"Fluid Bearing\", \"Number of Fans\": \"2\", \"Fan Diameter\": \"140 mm, 120 mm\"}, \"Heat Sink Properties\": {\"Cooler Colour\": \"Black\", \"Material\": \"Copper\", \"Heatsink Height\": \"160 mm\", \"Heatsink Width\": \"110 mm\", \"Depth of Heatsink (mm)\": \"140\", \"Number of Heat Pipes\": \"7\", \"Heat Pipes Diameter\": \"6 mm\", \"CPU Contact Surface\": \"Nickel Coated Copper Base\"}, \"Dimensions & Weight\": {\"Overall Width\": \"147 mm\", \"Combined Depth\": \"144 mm\", \"Total Height\": \"164 mm\", \"Weight\": \"1,575 g\"}, \"Additional Information\": {\"Nominal Voltage\": \"12 V\", \"\": null}}"},
{"name": "Noctua NH-D12L chromax.black", "description": "Cooling Method Active | 4 pin | Volume Flow 102.1 m3/h | Noise Level 22.6 dB | Max. Revolution 2,000 rpm | Total Height 145 mm", "image_links": ["https://cdn.idealo.com/folder/Product/204048/5/204048517/s3_produktbild_max/noctua-nh-d12l-chromax-black.jpg", "https://cdn.idealo.com/folder/Product/204048/5/204048517/s3_produktbild_max_1/noctua-nh-d12l-chromax-black.jpg", "https://cdn.idealo.com/folder/Product/204048/5/204048517/s3_produktbild_max_2/noctua-nh-d12l-chromax-black.jpg", "https://cdn.idealo.com/folder/Product/204048/5/204048517/s3_produktbild_max_3/noctua-nh-d12l-chromax-black.jpg"], "price": "92.99", "compatible_sockets": ["Socket 1700", "socket 1200", "Socket 1156", "Socket 1155", "Socket 1151", "Socket 1150", "Socket AM5", "Socket AM4"], "specifications": "{\"Name\": {\"Product Type\": \"Tower Cooler\", \"Compatible Sockets\": \"Socket 1700, socket 1200, Socket 1156, Socket 1155, Socket 1151, Socket 1150, Socket AM5, Socket AM4\", \"Compatibility\": \"Intel, AMD\", \"Cooling Method\": \"Active\", \"MTBF\": \"150,000 hours\", \"Port\": \"4 pin\", \"Volume Flow\": \"102.1 m3/h\", \"Properties\": \"Silent, PWM Controlled, Low Profile\"}, \"Fan Properties\": {\"Noise Level\": \"22.6 dB\", \"Fan Colour\": \"Black\", \"Minimum Speed\": \"450 rpm\", \"Max. Revolution\": \"2,000 rpm\", \"Fan Bearing\": \"SSO2-Bearing\", \"Number of Fans\": \"1\", \"Fan Diameter\": \"120 mm\"}, \"Heat Sink Properties\": {\"Cooler Colour\": \"Black\", \"Materials\": \"Copper, Aluminium\"}, \"Dimensions & Weight\": {\"Overall Width\": \"125 mm\", \"Combined Depth\": \"113 mm\", \"Total Height\": \"145 mm\", \"Weight\": \"890 g\"}, \"Additional Information\": {\"Nominal Voltage\": \"12 V\", \"\": null}}"},
{"name": "be quiet! Pure Rock 2 Black (BK007)", "description": "Cooling Method Active | 4 pin | Noise Level 25.4 dB | Max. Revolution 1,500 rpm | Total Height 155 mm | Systemeignung (MainDetail) AMD & Intel", "image_links": ["https://cdn.idealo.com/folder/Product/200293/6/200293644/s3_produktbild_max/be-quiet-pure-rock-2-black-bk007.jpg", "https://cdn.idealo.com/folder/Product/200293/6/200293644/s3_produktbild_max_1/be-quiet-pure-rock-2-black-bk007.jpg"], "price": "35.92", "compatible_sockets": ["Socket 1150", "Socket 1151", "Socket 1155", "Socket 1156", "Socket AM2+", "Socket AM2", "Socket AM3", "Socket AM3+", "Socket FM1", "Socket FM2", "Socket FM2+"], "specifications": "{\"Name\": {\"Product Type\": \"Tower Cooler\", \"Compatible Sockets\": \"Socket 1150, Socket 1151, Socket 1155, Socket 1156, Socket AM2+, Socket AM2, Socket AM3, Socket AM3+, Socket FM1, Socket FM2, Socket FM2+\", \"Compatibility\": \"AMD, Intel\", \"Cooling Method\": \"Active\", \"Port\": \"4 pin\"}, \"Fan Properties\": {\"Noise Level\": \"25.4 dB\", \"Max. Revolution\": \"1,500 rpm\", \"Number of Fans\": \"1\", \"Fan Position\": \"To the Side\", \"Fan Diameter\": \"92 mm\"}, \"Heat Sink Properties\": {\"Cooler Colour\": \"Black\", \"Materials\": \"Aluminium, Copper\", \"Number of Heat Pipes\": \"3\", \"Heat Pipes Diameter\": \"6 mm\"}, \"Dimensions & Weight\": {\"Overall Width\": \"121 mm\", \"Combined Depth\": \"88 mm\", \"Total Height\": \"155 mm\", \"Weight\": \"575 g\"}, \"Additional Information\": {\"Nominal Voltage\": \"12 V\", \"\": null}}"},
{"name": "ARCTIC Freezer 36 A-RGB White", "description": "Cooling Method Active | 4 pin | Max. Revolution 1,800 rpm | Total Height 159 mm", "image_links": ["https://cdn.idealo.com/folder/Product/203971/8/203971809/s3_produktbild_max/arctic-freezer-36-a-rgb-white.jpg", "https://cdn.idealo.com/folder/Product/203971/8/203971809/s3_produktbild_max_1/arctic-freezer-36-a-rgb-white.jpg", "https://cdn.idealo.com/folder/Product/203971/8/203971809/s3_produktbild_max_2/arctic-freezer-36-a-rgb-white.jpg", "https://cdn.idealo.com/folder/Product/203971/8/203971809/s3_produktbild_max_3/arctic-freezer-36-a-rgb-white.jpg", "https://cdn.idealo.com/folder/Product/203971/8/203971809/s3_produktbild_max_4/arctic-freezer-36-a-rgb-white.jpg", "https://cdn.idealo.com/folder/Product/203971/8/203971809/s3_produktbild_max_5/arctic-freezer-36-a-rgb-white.jpg", "https://cdn.idealo.com/folder/Product/203971/8/203971809/s3_produktbild_max_6/arctic-freezer-36-a-rgb-white.jpg", "https://cdn.idealo.com/folder/Product/203971/8/203971809/s3_produktbild_max_7/arctic-freezer-36-a-rgb-white.jpg", "https://cdn.idealo.com/folder/Product/203971/8/203971809/s3_produktbild_max_8/arctic-freezer-36-a-rgb-white.jpg"], "price": "31.99", "compatible_sockets": ["Socket AM5", "Socket AM4", "Socket 1700"], "specifications": "{\"Name\": {\"Product Type\": \"Tower Cooler\", \"Compatible Sockets\": \"Socket AM5, Socket AM4, Socket 1700\", \"Compatibility\": \"Intel, AMD\", \"Cooling Method\": \"Active\", \"Port\": \"4 pin\", \"Properties\": \"PWM Controlled, LED Illumination\"}, \"Fan Properties\": {\"Fan Colour\": \"White, Transparent\", \"Minimum Speed\": \"200 rpm\", \"Max. Revolution\": \"1,800 rpm\", \"Fan Bearing\": \"Sleeve bearing\", \"Number of Fans\": \"2\", \"Fan Diameter\": \"120 mm\"}, \"Heat Sink Properties\": {\"Cooler Colour\": \"white\", \"Number of Cooling Fins\": \"59\", \"Number of Heat Pipes\": \"4\", \"Heat Pipes Diameter\": \"6 mm\"}, \"Dimensions & Weight\": {\"Overall Width\": \"126 mm\", \"Combined Depth\": \"104 mm\", \"Total Height\": \"159 mm\", \"Weight\": \"917 g\", \"\": null}}"},
{"name": "Thermalright Assassin X 120 Refined SE White ARGB", "description": "Cooling Method Active | 4 pin | Noise Level 25.6 dB | Max. Revolution 1,550 rpm | Total Height 148 mm", "image_links": ["https://cdn.idealo.com/folder/Product/203397/5/203397590/s3_produktbild_max/thermalright-assassin-x-120-refined-se-white-argb.jpg", "https://cdn.idealo.com/folder/Product/203397/5/203397590/s3_produktbild_max_1/thermalright-assassin-x-120-refined-se-white-argb.jpg", "https://cdn.idealo.com/folder/Product/203397/5/203397590/s3_produktbild_max_2/thermalright-assassin-x-120-refined-se-white-argb.jpg", "https://cdn.idealo.com/folder/Product/203397/5/203397590/s3_produktbild_max_3/thermalright-assassin-x-120-refined-se-white-argb.jpg", "https://cdn.idealo.com/folder/Product/203397/5/203397590/s3_produktbild_max_4/thermalright-assassin-x-120-refined-se-white-argb.jpg", "https://cdn.idealo.com/folder/Product/203397/5/203397590/s3_produktbild_max_5/thermalright-assassin-x-120-refined-se-white-argb.jpg", "https://cdn.idealo.com/folder/Product/203397/5/203397590/s3_produktbild_max_6/thermalright-assassin-x-120-refined-se-white-argb.jpg", "https://cdn.idealo.com/folder/Product/203397/5/203397590/s3_produktbild_max_7/thermalright-assassin-x-120-refined-se-white-argb.jpg"], "price": "19.99", "compatible_sockets": ["Socket AM4", "Socket 1700", "socket 1200", "Socket 1156", "Socket 1155", "Socket 1151", "Socket 1150", "Socket AM5"], "specifications": "{\"Name\": {\"Product Type\": \"Tower Cooler\", \"Compatible Sockets\": \"Socket AM4, Socket 1700, socket 1200, Socket 1156, Socket 1155, Socket 1151, Socket 1150, Socket AM5\", \"Compatibility\": \"Intel, AMD\", \"Cooling Method\": \"Active\", \"Port\": \"4 pin\", \"Properties\": \"PWM Controlled, LED Illumination\"}, \"Fan Properties\": {\"Noise Level\": \"25.6 dB\", \"Fan Colour\": \"White\", \"Max. Revolution\": \"1,550 rpm\", \"Number of Fans\": \"1\", \"Fan Diameter\": \"120 mm\"}, \"Heat Sink Properties\": {\"Number of Heat Pipes\": \"4\", \"Heat Pipes Diameter\": \"6 mm\"}, \"Dimensions & Weight\": {\"Overall Width\": \"46 mm\", \"Combined Depth\": \"120 mm\", \"Total Height\": \"148 mm\", \"Weight\": \"630 g\", \"\": null}}"},
{"name": "Endorfy Fortis 5 ARGB", "description": "Cooling Method Active | 4 pin | Max. Revolution 1,400 rpm | Total Height 107 mm", "image_links": ["https://cdn.idealo.com/folder/Product/202283/5/202283554/s3_produktbild_max/endorfy-fortis-5-argb.jpg", "https://cdn.idealo.com/folder/Product/202283/5/202283554/s3_produktbild_max_1/endorfy-fortis-5-argb.jpg", "https://cdn.idealo.com/folder/Product/202283/5/202283554/s3_produktbild_max_2/endorfy-fortis-5-argb.jpg", "https://cdn.idealo.com/folder/Product/202283/5/202283554/s3_produktbild_max_3/endorfy-fortis-5-argb.jpg", "https://cdn.idealo.com/folder/Product/202283/5/202283554/s3_produktbild_max_4/endorfy-fortis-5-argb.jpg", "https://cdn.idealo.com/folder/Product/202283/5/202283554/s3_produktbild_max_5/endorfy-fortis-5-argb.jpg"], "price": "42.53", "compatible_sockets": ["Socket AM2+", "Socket AM3+", "Socket FM1", "Socket AM4", "socket 1200", "Socket 1156", "Socket 1155", "Socket 1151", "Socket 1150", "Socket FM2", "Socket AM3", "Socket AM2", "Socket 775", "Socket 2066", "Socket 2011", "Socket 1366", "Socket FM2+", "Socket 2011-3", "Socket AM5", "Socket 1700"], "specifications": "{\"Name\": {\"Product Type\": \"Tower Cooler\", \"Compatible Sockets\": \"Socket AM2+, Socket AM3+, Socket FM1, Socket AM4, socket 1200, Socket 1156, Socket 1155, Socket 1151, Socket 1150, Socket FM2, Socket AM3, Socket AM2, Socket 775, Socket 2066, Socket 2011, Socket 1366, Socket FM2+, Socket 2011-3, Socket AM5, Socket 1700\", \"Compatibility\": \"AMD, Intel\", \"Cooling Method\": \"Active\", \"MTBF\": \"100,000 hours\", \"Port\": \"4 pin\", \"Properties\": \"LED Illumination\"}, \"Fan Properties\": {\"Fan Colour\": \"Black\", \"Minimum Speed\": \"250 rpm\", \"Max. Revolution\": \"1,400 rpm\", \"Number of Fans\": \"1\", \"Fan Diameter\": \"140 mm\"}, \"Heat Sink Properties\": {\"Number of Heat Pipes\": \"6\"}, \"Dimensions & Weight\": {\"Overall Width\": \"159 mm\", \"Combined Depth\": \"144 mm\", \"Total Height\": \"107 mm\", \"\": null}}"},
{"name": "Antec A400i", "description": "Cooling Method Active | 4 pin | Noise Level 36 dB | Max. Revolution 1,800 rpm | Total Height 155 mm", "image_links": ["https://cdn.idealo.com/folder/Product/201991/8/201991896/s3_produktbild_max/antec-a400i.jpg", "https://cdn.idealo.com/folder/Product/201991/8/201991896/s3_produktbild_max_1/antec-a400i.jpg", "https://cdn.idealo.com/folder/Product/201991/8/201991896/s3_produktbild_max_2/antec-a400i.jpg", "https://cdn.idealo.com/folder/Product/201991/8/201991896/s3_produktbild_max_3/antec-a400i.jpg", "https://cdn.idealo.com/folder/Product/201991/8/201991896/s3_produktbild_max_4/antec-a400i.jpg", "https://cdn.idealo.com/folder/Product/201991/8/201991896/s3_produktbild_max_5/antec-a400i.jpg"], "price": "21.93", "compatible_sockets": ["Socket FM2+", "Socket FM2", "Socket FM1", "Socket AM4", "Socket AM3+", "Socket AM3", "Socket AM2+", "Socket AM2", "Socket 2011", "Socket 1366", "socket 1200", "Socket 1156", "Socket 1155", "Socket 1151", "Socket 1150"], "specifications": "{\"Name\": {\"Product Type\": \"Tower Cooler\", \"Compatible Sockets\": \"Socket FM2+, Socket FM2, Socket FM1, Socket AM4, Socket AM3+, Socket AM3, Socket AM2+, Socket AM2, Socket 2011, Socket 1366, socket 1200, Socket 1156, Socket 1155, Socket 1151, Socket 1150\", \"Compatibility\": \"AMD, Intel\", \"Cooling Method\": \"Active\", \"Port\": \"4 pin\", \"Properties\": \"LED Illumination\"}, \"Fan Properties\": {\"Noise Level\": \"36 dB\", \"Fan Colour\": \"Black\", \"Minimum Speed\": \"800 rpm\", \"Max. Revolution\": \"1,800 rpm\"}, \"Heat Sink Properties\": {\"Cooler Colour\": \"Silver\", \"Material\": \"Copper\", \"Number of Heat Pipes\": \"4\", \"Heat Pipes Diameter\": \"6 mm\"}, \"Dimensions & Weight\": {\"Overall Width\": \"122 mm\", \"Combined Depth\": \"76 mm\", \"Total Height\": \"155 mm\", \"\": null}}"},
{"name": "Jonsbo CR-1200E ARGB", "description": "Cooling Method Active | 3 pin | Volume Flow 61.2 m3/h | Noise Level 26.5 dB | Max. Revolution 2,000 rpm | Total Height 128 mm", "image_links": ["https://cdn.idealo.com/folder/Product/201827/7/201827716/s3_produktbild_max/jonsbo-cr-1200e-argb.jpg", "https://cdn.idealo.com/folder/Product/201827/7/201827716/s3_produktbild_max_1/jonsbo-cr-1200e-argb.jpg", "https://cdn.idealo.com/folder/Product/201827/7/201827716/s3_produktbild_max_2/jonsbo-cr-1200e-argb.jpg", "https://cdn.idealo.com/folder/Product/201827/7/201827716/s3_produktbild_max_3/jonsbo-cr-1200e-argb.jpg", "https://cdn.idealo.com/folder/Product/201827/7/201827716/s3_produktbild_max_4/jonsbo-cr-1200e-argb.jpg", "https://cdn.idealo.com/folder/Product/201827/7/201827716/s3_produktbild_max_5/jonsbo-cr-1200e-argb.jpg", "https://cdn.idealo.com/folder/Product/201827/7/201827716/s3_produktbild_max_6/jonsbo-cr-1200e-argb.jpg", "https://cdn.idealo.com/folder/Product/201827/7/201827716/s3_produktbild_max_7/jonsbo-cr-1200e-argb.jpg", "https://cdn.idealo.com/folder/Product/201827/7/201827716/s3_produktbild_max_8/jonsbo-cr-1200e-argb.jpg"], "price": "7.99", "compatible_sockets": ["Socket FM1", "Socket FM2", "Socket FM2+", "Socket AM2", "Socket AM2+", "Socket AM3", "Socket AM3+", "Socket AM4", "Socket 775", "Socket 1150", "Socket 1151", "Socket 1155", "Socket 1156"], "specifications": "{\"Name\": {\"Product Type\": \"Tower Cooler\", \"Compatible Sockets\": \"Socket FM1, Socket FM2, Socket FM2+, Socket AM2, Socket AM2+, Socket AM3, Socket AM3+, Socket AM4, Socket 775, Socket 1150, Socket 1151, Socket 1155, Socket 1156\", \"Compatibility\": \"AMD, Intel\", \"Cooling Method\": \"Active\", \"Port\": \"3 pin\", \"Volume Flow\": \"61.2 m3/h\", \"Properties\": \"LED Illumination\"}, \"Fan Properties\": {\"Noise Level\": \"26.5 dB\", \"Max. Revolution\": \"2,000 rpm\", \"Number of Fans\": \"1\", \"Fan Position\": \"To the Side\", \"Fan Diameter\": \"92 mm\"}, \"Heat Sink Properties\": {\"Number of Heat Pipes\": \"2\", \"Heat Pipes Diameter\": \"6 mm\"}, \"Dimensions & Weight\": {\"Overall Width\": \"93 mm\", \"Combined Depth\": \"63 mm\", \"Total Height\": \"128 mm\", \"Weight\": \"350 g\"}, \"Additional Information\": {\"Nominal Voltage\": \"12 V\", \"\": null}}"},
{"name": "Corsair A115", "description": "Cooling Method Active | 4 pin | Volume Flow 143.57 m3/h | Noise Level 33.9 dB | Max. Revolution 1,600 rpm | Total Height 165 mm", "image_links": ["https://cdn.idealo.com/folder/Product/203857/2/203857209/s3_produktbild_max/corsair-a115.jpg", "https://cdn.idealo.com/folder/Product/203857/2/203857209/s3_produktbild_max_1/corsair-a115.jpg", "https://cdn.idealo.com/folder/Product/203857/2/203857209/s3_produktbild_max_2/corsair-a115.jpg", "https://cdn.idealo.com/folder/Product/203857/2/203857209/s3_produktbild_max_3/corsair-a115.jpg", "https://cdn.idealo.com/folder/Product/203857/2/203857209/s3_produktbild_max_4/corsair-a115.jpg", "https://cdn.idealo.com/folder/Product/203857/2/203857209/s3_produktbild_max_5/corsair-a115.jpg", "https://cdn.idealo.com/folder/Product/203857/2/203857209/s3_produktbild_max_6/corsair-a115.jpg", "https://cdn.idealo.com/folder/Product/203857/2/203857209/s3_produktbild_max_7/corsair-a115.jpg", "https://cdn.idealo.com/folder/Product/203857/2/203857209/s3_produktbild_max_8/corsair-a115.jpg", "https://cdn.idealo.com/folder/Product/203857/2/203857209/s3_produktbild_max_9/corsair-a115.jpg", "https://cdn.idealo.com/folder/Product/203857/2/203857209/s3_produktbild_max_10/corsair-a115.jpg", "https://cdn.idealo.com/folder/Product/203857/2/203857209/s3_produktbild_max_11/corsair-a115.jpg", "https://cdn.idealo.com/folder/Product/203857/2/203857209/s3_produktbild_max_12/corsair-a115.jpg"], "price": "99.98", "compatible_sockets": ["socket 1200", "Socket 1151", "Socket AM5", "Socket AM4", "Socket 1700", "Socket 1156", "Socket 1150", "Socket 1155"], "specifications": "{\"Name\": {\"Product Type\": \"Tower Cooler\", \"Compatible Sockets\": \"socket 1200, Socket 1151, Socket AM5, Socket AM4, Socket 1700, Socket 1156, Socket 1150, Socket 1155\", \"Compatibility\": \"Intel, AMD\", \"Cooling Method\": \"Active\", \"Port\": \"4 pin\", \"Maximum Cooling Capacity\": \"270\", \"Volume Flow\": \"143.57 m3/h\", \"Properties\": \"PWM Controlled\"}, \"Fan Properties\": {\"Noise Level\": \"33.9 dB\", \"Fan Colour\": \"Black\", \"Minimum Speed\": \"400 rpm\", \"Max. Revolution\": \"1,600 rpm\", \"Fan Bearing\": \"Fluid Bearing\", \"Number of Fans\": \"2\", \"Fan Diameter\": \"140 mm\"}, \"Heat Sink Properties\": {\"Number of Heat Pipes\": \"6\", \"Heat Pipes Diameter\": \"6 mm\"}, \"Dimensions & Weight\": {\"Overall Width\": \"153 mm\", \"Combined Depth\": \"155 mm\", \"Total Height\": \"165 mm\", \"\": null}}"},
{"name": "NZXT T120 White", "description": "Cooling Method Active | 4 pin | Noise Level 27.5 dB | Max. Revolution 1,800 rpm | Total Height 159 mm", "image_links": ["https://cdn.idealo.com/folder/Product/202183/5/202183566/s3_produktbild_max/nzxt-t120-white.jpg", "https://cdn.idealo.com/folder/Product/202183/5/202183566/s3_produktbild_max_1/nzxt-t120-white.jpg", "https://cdn.idealo.com/folder/Product/202183/5/202183566/s3_produktbild_max_2/nzxt-t120-white.jpg", "https://cdn.idealo.com/folder/Product/202183/5/202183566/s3_produktbild_max_3/nzxt-t120-white.jpg", "https://cdn.idealo.com/folder/Product/202183/5/202183566/s3_produktbild_max_4/nzxt-t120-white.jpg"], "price": "34.99", "compatible_sockets": ["Socket AM4", "socket 1200", "Socket 1156", "Socket 1151", "Socket 1150", "Socket 1155", "Socket AM5", "Socket 1700"], "specifications": "{\"Name\": {\"Product Type\": \"Tower Cooler\", \"Compatible Sockets\": \"Socket AM4, socket 1200, Socket 1156, Socket 1151, Socket 1150, Socket 1155, Socket AM5, Socket 1700\", \"Compatibility\": \"Intel, AMD\", \"Cooling Method\": \"Active\", \"Port\": \"4 pin\", \"Properties\": \"PWM Controlled\"}, \"Fan Properties\": {\"Noise Level\": \"27.5 dB\", \"Fan Colour\": \"White\", \"Minimum Speed\": \"500 rpm\", \"Max. Revolution\": \"1,800 rpm\", \"Fan Bearing\": \"Fluid Bearing\", \"Number of Fans\": \"1\", \"Fan Diameter\": \"120 mm\"}, \"Heat Sink Properties\": {\"Cooler Colour\": \"Black\", \"Materials\": \"Copper, Aluminium\"}, \"Dimensions & Weight\": {\"Overall Width\": \"120 mm\", \"Combined Depth\": \"66 mm\", \"Total Height\": \"159 mm\", \"Weight\": \"750 g\"}, \"Additional Information\": {\"Nominal Voltage\": \"12 V\", \"\": null}}"},
{"name": "SilverStone SST-XE04-4189", "description": "Cooling Method Active | 4 pin | Max. Revolution 5,000 rpm | Total Height 126 mm", "image_links": ["https://cdn.idealo.com/folder/Product/204990/8/204990886/s3_produktbild_max/silverstone-sst-xe04-4189.jpg", "https://cdn.idealo.com/folder/Product/204990/8/204990886/s3_produktbild_max_1/silverstone-sst-xe04-4189.jpg", "https://cdn.idealo.com/folder/Product/204990/8/204990886/s3_produktbild_max_2/silverstone-sst-xe04-4189.jpg", "https://cdn.idealo.com/folder/Product/204990/8/204990886/s3_produktbild_max_3/silverstone-sst-xe04-4189.jpg", "https://cdn.idealo.com/folder/Product/204990/8/204990886/s3_produktbild_max_4/silverstone-sst-xe04-4189.jpg"], "price": "89.59", "compatible_sockets": ["Socket LGA4189"], "specifications": "{\"Name\": {\"Product Type\": \"Tower Cooler\", \"Compatible Sockets\": \"Socket LGA4189\", \"Compatibility\": \"Intel\", \"Cooling Method\": \"Active\", \"Port\": \"4 pin\", \"Maximum Cooling Capacity\": \"270\", \"Properties\": \"PWM Controlled\"}, \"Fan Properties\": {\"Fan Colour\": \"Black\", \"Max. Revolution\": \"5,000 rpm\", \"Fan Bearing\": \"double ball bearing\", \"Fan Diameter\": \"92 mm\"}, \"Heat Sink Properties\": {\"Material\": \"Aluminium\", \"Number of Heat Pipes\": \"5\", \"Heat Pipes Diameter\": \"6 mm\"}, \"Dimensions & Weight\": {\"Overall Width\": \"92 mm\", \"Combined Depth\": \"113 mm\", \"Total Height\": \"126 mm\", \"Weight\": \"786 g\", \"\": null}}"},
{"name": "Valkyrie Vind SL125 White", "description": "Cooling Method Active | Noise Level 29 dB | Max. Revolution 2,150 rpm | Total Height 157 mm", "image_links": ["https://cdn.idealo.com/folder/Product/204764/8/204764873/s3_produktbild_max/valkyrie-vind-sl125-white.jpg", "https://cdn.idealo.com/folder/Product/204764/8/204764873/s3_produktbild_max_1/valkyrie-vind-sl125-white.jpg"], "price": "45.99", "compatible_sockets": ["Socket 1151", "socket 1200", "Socket 2066", "Socket AM4", "Socket 2011-3", "Socket 2011", "Socket 1156", "Socket 1150", "Socket 1155", "Socket AM5"], "specifications": "{\"Name\": {\"Product Type\": \"Tower Cooler\", \"Compatible Sockets\": \"Socket 1151, socket 1200, Socket 2066, Socket AM4, Socket 2011-3, Socket 2011, Socket 1156, Socket 1150, Socket 1155, Socket AM5\", \"Compatibility\": \"AMD, Intel\", \"Cooling Method\": \"Active\", \"Maximum Cooling Capacity\": \"230\", \"Properties\": \"LED Illumination\"}, \"Fan Properties\": {\"Noise Level\": \"29 dB\", \"Fan Colour\": \"White\", \"Minimum Speed\": \"800 rpm\", \"Max. Revolution\": \"2,150 rpm\", \"Fan Bearing\": \"Fluid Bearing\", \"Number of Fans\": \"2\"}, \"Heat Sink Properties\": {\"Materials\": \"Aluminium, Copper\", \"Number of Heat Pipes\": \"6\"}, \"Dimensions & Weight\": {\"Overall Width\": \"125 mm\", \"Combined Depth\": \"109 mm\", \"Total Height\": \"157 mm\", \"\": null}}"},
{"name": "Akasa Alucia H4 Plus", "description": "Cooling Method Active | 4 pin | Noise Level 33.1 dB | Max. Revolution 2,000 rpm | Total Height 92 mm", "image_links": ["https://cdn.idealo.com/folder/Product/203659/5/203659513/s3_produktbild_max/akasa-alucia-h4-plus.jpg", "https://cdn.idealo.com/folder/Product/203659/5/203659513/s3_produktbild_max_1/akasa-alucia-h4-plus.jpg", "https://cdn.idealo.com/folder/Product/203659/5/203659513/s3_produktbild_max_2/akasa-alucia-h4-plus.jpg", "https://cdn.idealo.com/folder/Product/203659/5/203659513/s3_produktbild_max_3/akasa-alucia-h4-plus.jpg", "https://cdn.idealo.com/folder/Product/203659/5/203659513/s3_produktbild_max_4/akasa-alucia-h4-plus.jpg", "https://cdn.idealo.com/folder/Product/203659/5/203659513/s3_produktbild_max_5/akasa-alucia-h4-plus.jpg"], "price": "37.00", "compatible_sockets": ["socket 1200", "Socket 1151", "Socket AM5", "Socket 2066", "Socket AM4", "Socket 1700", "Socket 2011-3", "Socket 2011", "Socket 1156", "Socket 1150", "Socket 1155"], "specifications": "{\"Name\": {\"Product Types\": \"Tower Cooler, Top-Blow Cooler\", \"Compatible Sockets\": \"socket 1200, Socket 1151, Socket AM5, Socket 2066, Socket AM4, Socket 1700, Socket 2011-3, Socket 2011, Socket 1156, Socket 1150, Socket 1155\", \"Compatibility\": \"Intel, AMD\", \"Cooling Method\": \"Active\", \"MTBF\": \"40,000 hours\", \"Port\": \"4 pin\", \"Maximum Cooling Capacity\": \"185\", \"Properties\": \"PWM Controlled\"}, \"Fan Properties\": {\"Noise Level\": \"33.1 dB\", \"Fan Colour\": \"Black, Blue\", \"Minimum Speed\": \"500 rpm\", \"Max. Revolution\": \"2,000 rpm\", \"Fan Diameter\": \"120 mm\"}, \"Heat Sink Properties\": {\"Material\": \"Copper\", \"Number of Heat Pipes\": \"4\"}, \"Dimensions & Weight\": {\"Overall Width\": \"148 mm\", \"Combined Depth\": \"120 mm\", \"Total Height\": \"92 mm\", \"Weight\": \"643.7 g\", \"\": null}}"},
{"name": "Thermaltake TOUGHAIR 510", "description": "Cooling Method Active | 4 pin | Noise Level 23.6 dB | Max. Revolution 2,000 rpm | Total Height 160 mm", "image_links": ["https://cdn.idealo.com/folder/Product/201220/3/201220378/s3_produktbild_max/thermaltake-toughair-510.jpg", "https://cdn.idealo.com/folder/Product/201220/3/201220378/s3_produktbild_max_1/thermaltake-toughair-510.jpg", "https://cdn.idealo.com/folder/Product/201220/3/201220378/s3_produktbild_max_2/thermaltake-toughair-510.jpg", "https://cdn.idealo.com/folder/Product/201220/3/201220378/s3_produktbild_max_3/thermaltake-toughair-510.jpg", "https://cdn.idealo.com/folder/Product/201220/3/201220378/s3_produktbild_max_4/thermaltake-toughair-510.jpg", "https://cdn.idealo.com/folder/Product/201220/3/201220378/s3_produktbild_max_5/thermaltake-toughair-510.jpg", "https://cdn.idealo.com/folder/Product/201220/3/201220378/s3_produktbild_max_6/thermaltake-toughair-510.jpg", "https://cdn.idealo.com/folder/Product/201220/3/201220378/s3_produktbild_max_7/thermaltake-toughair-510.jpg", "https://cdn.idealo.com/folder/Product/201220/3/201220378/s3_produktbild_max_8/thermaltake-toughair-510.jpg"], "price": "46.60", "compatible_sockets": ["Socket FM2", "Socket FM1", "Socket AM4", "Socket AM3", "Socket AM2", "Socket 1156", "Socket 1155", "Socket 1151", "Socket 1150", "socket 1200", "Socket AM2+", "Socket AM3+", "Socket 1700"], "specifications": "{\"Name\": {\"Product Type\": \"Tower Cooler\", \"Compatible Sockets\": \"Socket FM2, Socket FM1, Socket AM4, Socket AM3, Socket AM2, Socket 1156, Socket 1155, Socket 1151, Socket 1150, socket 1200, Socket AM2+, Socket AM3+, Socket 1700\", \"Compatibility\": \"Intel, AMD\", \"Cooling Method\": \"Active\", \"Port\": \"4 pin\", \"Maximum Cooling Capacity\": \"180\", \"Properties\": \"PWM Controlled\"}, \"Fan Properties\": {\"Noise Level\": \"23.6 dB\", \"Fan Colour\": \"Black\", \"Minimum Speed\": \"500 rpm\", \"Max. Revolution\": \"2,000 rpm\", \"Number of Fans\": \"2\", \"Fan Position\": \"To the Side\"}, \"Heat Sink Properties\": {\"Materials\": \"Copper, Aluminium\"}, \"Dimensions & Weight\": {\"Overall Width\": \"124 mm\", \"Combined Depth\": \"99 mm\", \"Total Height\": \"160 mm\", \"\": null}}"},
{"name": "APNX AP1-V ARGB White", "description": "Cooling Method Active | 4 pin | Noise Level 32.8 dB | Max. Revolution 1,800 rpm | Total Height 157 mm", "image_links": ["https://cdn.idealo.com/folder/Product/203722/7/203722756/s3_produktbild_max/apnx-ap1-v-argb-white.jpg", "https://cdn.idealo.com/folder/Product/203722/7/203722756/s3_produktbild_max_1/apnx-ap1-v-argb-white.jpg", "https://cdn.idealo.com/folder/Product/203722/7/203722756/s3_produktbild_max_2/apnx-ap1-v-argb-white.jpg", "https://cdn.idealo.com/folder/Product/203722/7/203722756/s3_produktbild_max_3/apnx-ap1-v-argb-white.jpg", "https://cdn.idealo.com/folder/Product/203722/7/203722756/s3_produktbild_max_4/apnx-ap1-v-argb-white.jpg", "https://cdn.idealo.com/folder/Product/203722/7/203722756/s3_produktbild_max_5/apnx-ap1-v-argb-white.jpg", "https://cdn.idealo.com/folder/Product/203722/7/203722756/s3_produktbild_max_6/apnx-ap1-v-argb-white.jpg", "https://cdn.idealo.com/folder/Product/203722/7/203722756/s3_produktbild_max_7/apnx-ap1-v-argb-white.jpg", "https://cdn.idealo.com/folder/Product/203722/7/203722756/s3_produktbild_max_8/apnx-ap1-v-argb-white.jpg"], "price": "37.99", "compatible_sockets": ["Socket 1151", "socket 1200", "Socket AM5", "Socket 1156", "Socket AM4", "Socket 1700", "Socket 1150", "Socket 1155"], "specifications": "{\"Name\": {\"Product Type\": \"Tower Cooler\", \"Compatible Sockets\": \"Socket 1151, socket 1200, Socket AM5, Socket 1156, Socket AM4, Socket 1700, Socket 1150, Socket 1155\", \"Compatibility\": \"Intel, AMD\", \"Cooling Method\": \"Active\", \"MTBF\": \"80,000 hours\", \"Port\": \"4 pin\", \"Maximum Cooling Capacity\": \"245\", \"Properties\": \"LED Illumination\"}, \"Fan Properties\": {\"Noise Level\": \"32.8 dB\", \"Fan Colour\": \"White\", \"Minimum Speed\": \"600 rpm\", \"Max. Revolution\": \"1,800 rpm\", \"Fan Bearing\": \"Hydraulic bearing\", \"Number of Fans\": \"1\", \"Fan Diameter\": \"120 mm\"}, \"Heat Sink Properties\": {\"Number of Heat Pipes\": \"5\", \"Heat Pipes Diameter\": \"6 mm\"}, \"Dimensions & Weight\": {\"Overall Width\": \"128 mm\", \"Combined Depth\": \"92 mm\", \"Total Height\": \"157 mm\", \"\": null}}"},
{"name": "APNX AP1-V ARGB Black", "description": "Cooling Method Active | 4 pin | Noise Level 32.8 dB | Max. Revolution 1,800 rpm | Total Height 157 mm", "image_links": ["https://cdn.idealo.com/folder/Product/203606/2/203606299/s3_produktbild_max/apnx-ap1-v-argb-black.jpg", "https://cdn.idealo.com/folder/Product/203606/2/203606299/s3_produktbild_max_1/apnx-ap1-v-argb-black.jpg", "https://cdn.idealo.com/folder/Product/203606/2/203606299/s3_produktbild_max_2/apnx-ap1-v-argb-black.jpg", "https://cdn.idealo.com/folder/Product/203606/2/203606299/s3_produktbild_max_3/apnx-ap1-v-argb-black.jpg", "https://cdn.idealo.com/folder/Product/203606/2/203606299/s3_produktbild_max_4/apnx-ap1-v-argb-black.jpg", "https://cdn.idealo.com/folder/Product/203606/2/203606299/s3_produktbild_max_5/apnx-ap1-v-argb-black.jpg", "https://cdn.idealo.com/folder/Product/203606/2/203606299/s3_produktbild_max_6/apnx-ap1-v-argb-black.jpg", "https://cdn.idealo.com/folder/Product/203606/2/203606299/s3_produktbild_max_7/apnx-ap1-v-argb-black.jpg", "https://cdn.idealo.com/folder/Product/203606/2/203606299/s3_produktbild_max_8/apnx-ap1-v-argb-black.jpg", "https://cdn.idealo.com/folder/Product/203606/2/203606299/s3_produktbild_max_9/apnx-ap1-v-argb-black.jpg", "https://cdn.idealo.com/folder/Product/203606/2/203606299/s3_produktbild_max_10/apnx-ap1-v-argb-black.jpg", "https://cdn.idealo.com/folder/Product/203606/2/203606299/s3_produktbild_max_11/apnx-ap1-v-argb-black.jpg", "https://cdn.idealo.com/folder/Product/203606/2/203606299/s3_produktbild_max_12/apnx-ap1-v-argb-black.jpg", "https://cdn.idealo.com/folder/Product/203606/2/203606299/s3_produktbild_max_13/apnx-ap1-v-argb-black.jpg", "https://cdn.idealo.com/folder/Product/203606/2/203606299/s3_produktbild_max_14/apnx-ap1-v-argb-black.jpg"], "price": "39.95", "compatible_sockets": ["Socket 1151", "socket 1200", "Socket AM5", "Socket 1156", "Socket AM4", "Socket 1700", "Socket 1150", "Socket 1155"], "specifications": "{\"Name\": {\"Product Type\": \"Tower Cooler\", \"Compatible Sockets\": \"Socket 1151, socket 1200, Socket AM5, Socket 1156, Socket AM4, Socket 1700, Socket 1150, Socket 1155\", \"Compatibility\": \"Intel, AMD\", \"Cooling Method\": \"Active\", \"MTBF\": \"80,000 hours\", \"Port\": \"4 pin\", \"Maximum Cooling Capacity\": \"245\", \"Properties\": \"LED Illumination\"}, \"Fan Properties\": {\"Noise Level\": \"32.8 dB\", \"Fan Colour\": \"Black\", \"Minimum Speed\": \"600 rpm\", \"Max. Revolution\": \"1,800 rpm\", \"Fan Bearing\": \"Hydraulic bearing\", \"Number of Fans\": \"1\", \"Fan Diameter\": \"120 mm\"}, \"Heat Sink Properties\": {\"Number of Heat Pipes\": \"5\", \"Heat Pipes Diameter\": \"6 mm\"}, \"Dimensions & Weight\": {\"Overall Width\": \"128 mm\", \"Combined Depth\": \"92 mm\", \"Total Height\": \"157 mm\", \"\": null}}"}
]