[
{"name": "ASRock X870E Nova WiFi", "description": "AMD X870E | Memory Slot 4 | DDR5 | Storage Connector 4 x S-ATA3 600 | ATX | Number of PCI-X x 16 Slots 3", "image_links": ["https://cdn.idealo.com/folder/Product/204872/2/204872235/s3_produktbild_max/asrock-x870e-nova-wifi.jpg", "https://cdn.idealo.com/folder/Product/204872/2/204872235/s3_produktbild_max_1/asrock-x870e-nova-wifi.jpg", "https://cdn.idealo.com/folder/Product/204872/2/204872235/s3_produktbild_max_2/asrock-x870e-nova-wifi.jpg", "https://cdn.idealo.com/folder/Product/204872/2/204872235/s3_produktbild_max_3/asrock-x870e-nova-wifi.jpg", "https://cdn.idealo.com/folder/Product/204872/2/204872235/s3_produktbild_max_4/asrock-x870e-nova-wifi.jpg", "https://cdn.idealo.com/folder/Product/204872/2/204872235/s3_produktbild_max_5/asrock-x870e-nova-wifi.jpg", "https://cdn.idealo.com/folder/Product/204872/2/204872235/s3_produktbild_max_6/asrock-x870e-nova-wifi.jpg", "https://cdn.idealo.com/folder/Product/204872/2/204872235/s3_produktbild_max_7/asrock-x870e-nova-wifi.jpg", "https://cdn.idealo.com/folder/Product/204872/2/204872235/s3_produktbild_max_8/asrock-x870e-nova-wifi.jpg"], "price": "299.55", "socket_type": "Socket AM5", "ram_type": "DDR5", "SATA_storage_connectors": 4, "M2_storage_connectors": 5},
{"name": "GigaByte B650E Aorus Stealth Ice", "description": "AMD B650E | Memory Slot 4 | DDR5 | Storage Connector 4 x S-ATA3 600 | ATX | Number of PCI-X x 16 Slots 1", "image_links": ["https://cdn.idealo.com/folder/Product/204606/2/204606285/s3_produktbild_max/gigabyte-b650e-aorus-stealth-ice.jpg", "https://cdn.idealo.com/folder/Product/204606/2/204606285/s3_produktbild_max_1/gigabyte-b650e-aorus-stealth-ice.jpg", "https://cdn.idealo.com/folder/Product/204606/2/204606285/s3_produktbild_max_2/gigabyte-b650e-aorus-stealth-ice.jpg", "https://cdn.idealo.com/folder/Product/204606/2/204606285/s3_produktbild_max_3/gigabyte-b650e-aorus-stealth-ice.jpg", "https://cdn.idealo.com/folder/Product/204606/2/204606285/s3_produktbild_max_4/gigabyte-b650e-aorus-stealth-ice.jpg", "https://cdn.idealo.com/folder/Product/204606/2/204606285/s3_produktbild_max_5/gigabyte-b650e-aorus-stealth-ice.jpg"], "price": "259.00", "socket_type": "Socket AM5", "ram_type": "DDR5", "SATA_storage_connectors": 4, "M2_storage_connectors": 3},
{"name": "MSI MPG B550 Gaming Plus", "description": "Memory Slot 4 | DDR4 | Storage Connector 6 x S-ATA3 600 | ATX | Number of PCI-X x 16 Slots 2", "image_links": ["https://cdn.idealo.com/folder/Product/200411/8/200411892/s3_produktbild_max/msi-mpg-b550-gaming-plus.jpg", "https://cdn.idealo.com/folder/Product/200411/8/200411892/s3_produktbild_max_1/msi-mpg-b550-gaming-plus.jpg", "https://cdn.idealo.com/folder/Product/200411/8/200411892/s3_produktbild_max_2/msi-mpg-b550-gaming-plus.jpg", "https://cdn.idealo.com/folder/Product/200411/8/200411892/s3_produktbild_max_3/msi-mpg-b550-gaming-plus.jpg", "https://cdn.idealo.com/folder/Product/200411/8/200411892/s3_produktbild_max_4/msi-mpg-b550-gaming-plus.jpg"], "price": "112.99", "socket_type": "Socket AM4", "ram_type": "DDR4", "SATA_storage_connectors": 6, "M2_storage_connectors": 2},
{"name": "GigaByte X870E Eagle WIFI7", "description": "AMD X870E | Memory Slot 4 | DDR5 | Storage Connector 4 x S-ATA3 600 | ATX | Number of PCI-X x 16 Slots 3", "image_links": ["https://cdn.idealo.com/folder/Product/204868/3/204868360/s3_produktbild_max/gigabyte-x870e-eagle-wifi7.jpg", "https://cdn.idealo.com/folder/Product/204868/3/204868360/s3_produktbild_max_1/gigabyte-x870e-eagle-wifi7.jpg", "https://cdn.idealo.com/folder/Product/204868/3/204868360/s3_produktbild_max_2/gigabyte-x870e-eagle-wifi7.jpg", "https://cdn.idealo.com/folder/Product/204868/3/204868360/s3_produktbild_max_3/gigabyte-x870e-eagle-wifi7.jpg"], "price": "204.99", "socket_type": "Socket AM5", "ram_type": "DDR5", "SATA_storage_connectors": 4, "M2_storage_connectors": 3},
{"name": "GigaByte X870 Aorus Elite WIFI7 Ice", "description": "AMD X870 | Memory Slot 4 | DDR5 | Storage Connector 4 x M.2 | ATX | Number of PCI-X x 16 Slots 3", "image_links": ["https://cdn.idealo.com/folder/Product/204772/1/204772193/s3_produktbild_max/gigabyte-x870-aorus-elite-wifi7-ice.jpg", "https://cdn.idealo.com/folder/Product/204772/1/204772193/s3_produktbild_max_1/gigabyte-x870-aorus-elite-wifi7-ice.jpg", "https://cdn.idealo.com/folder/Product/204772/1/204772193/s3_produktbild_max_2/gigabyte-x870-aorus-elite-wifi7-ice.jpg", "https://cdn.idealo.com/folder/Product/204772/1/204772193/s3_produktbild_max_3/gigabyte-x870-aorus-elite-wifi7-ice.jpg", "https://cdn.idealo.com/folder/Product/204772/1/204772193/s3_produktbild_max_4/gigabyte-x870-aorus-elite-wifi7-ice.jpg"], "price": "236.68", "socket_type": "Socket AM5", "ram_type": "DDR5", "SATA_storage_connectors": 4, "M2_storage_connectors": 4},
{"name": "GigaByte B650M Aorus Elite AX", "description": "AMD B650 | Memory Slot 4 | DDR5 | Storage Connector 4 x S-ATA3 600 | Micro ATX | Number of PCI-X x 16 Slots 2", "image_links": ["https://cdn.idealo.com/folder/Product/202140/0/202140094/s3_produktbild_max/gigabyte-b650m-aorus-elite-ax.jpg", "https://cdn.idealo.com/folder/Product/202140/0/202140094/s3_produktbild_max_1/gigabyte-b650m-aorus-elite-ax.jpg", "https://cdn.idealo.com/folder/Product/202140/0/202140094/s3_produktbild_max_2/gigabyte-b650m-aorus-elite-ax.jpg", "https://cdn.idealo.com/folder/Product/202140/0/202140094/s3_produktbild_max_3/gigabyte-b650m-aorus-elite-ax.jpg", "https://cdn.idealo.com/folder/Product/202140/0/202140094/s3_produktbild_max_4/gigabyte-b650m-aorus-elite-ax.jpg", "https://cdn.idealo.com/folder/Product/202140/0/202140094/s3_produktbild_max_5/gigabyte-b650m-aorus-elite-ax.jpg"], "price": "169.99", "socket_type": "Socket AM5", "ram_type": "DDR5", "SATA_storage_connectors": 4, "M2_storage_connectors": 2},
{"name": "GigaByte X870E Aorus Xtreme AI Top", "description": "AMD X870E | Memory Slot 4 | DDR5 | Storage Connector 4 x S-ATA3 600 | E-ATX | Number of PCI-X x 16 Slots 3", "image_links": ["https://cdn.idealo.com/folder/Product/205149/8/205149887/s3_produktbild_max/gigabyte-x870e-aorus-xtreme-ai-top.jpg", "https://cdn.idealo.com/folder/Product/205149/8/205149887/s3_produktbild_max_1/gigabyte-x870e-aorus-xtreme-ai-top.jpg", "https://cdn.idealo.com/folder/Product/205149/8/205149887/s3_produktbild_max_2/gigabyte-x870e-aorus-xtreme-ai-top.jpg", "https://cdn.idealo.com/folder/Product/205149/8/205149887/s3_produktbild_max_3/gigabyte-x870e-aorus-xtreme-ai-top.jpg", "https://cdn.idealo.com/folder/Product/205149/8/205149887/s3_produktbild_max_4/gigabyte-x870e-aorus-xtreme-ai-top.jpg", "https://cdn.idealo.com/folder/Product/205149/8/205149887/s3_produktbild_max_5/gigabyte-x870e-aorus-xtreme-ai-top.jpg"], "price": "629.33", "socket_type": "Socket AM5", "ram_type": "DDR5", "SATA_storage_connectors": 4, "M2_storage_connectors": 4},
{"name": "ASUS TUF Gaming X670E-Plus WiFi", "description": "AMD X670E | Memory Slot 4 | DDR5 | Storage Connector 4 x M.2 | ATX | Number of PCI-X x 16 Slots 2", "image_links": ["https://cdn.idealo.com/folder/Product/202120/2/202120265/s3_produktbild_max/asus-tuf-gaming-x670e-plus-wifi.jpg", "https://cdn.idealo.com/folder/Product/202120/2/202120265/s3_produktbild_max_1/asus-tuf-gaming-x670e-plus-wifi.jpg", "https://cdn.idealo.com/folder/Product/202120/2/202120265/s3_produktbild_max_2/asus-tuf-gaming-x670e-plus-wifi.jpg", "https://cdn.idealo.com/folder/Product/202120/2/202120265/s3_produktbild_max_3/asus-tuf-gaming-x670e-plus-wifi.jpg", "https://cdn.idealo.com/folder/Product/202120/2/202120265/s3_produktbild_max_4/asus-tuf-gaming-x670e-plus-wifi.jpg", "https://cdn.idealo.com/folder/Product/202120/2/202120265/s3_produktbild_max_5/asus-tuf-gaming-x670e-plus-wifi.jpg", "https://cdn.idealo.com/folder/Product/202120/2/202120265/s3_produktbild_max_6/asus-tuf-gaming-x670e-plus-wifi.jpg", "https://cdn.idealo.com/folder/Product/202120/2/202120265/s3_produktbild_max_7/asus-tuf-gaming-x670e-plus-wifi.jpg", "https://cdn.idealo.com/folder/Product/202120/2/202120265/s3_produktbild_max_8/asus-tuf-gaming-x670e-plus-wifi.jpg", "https://cdn.idealo.com/folder/Product/202120/2/202120265/s3_produktbild_max_9/asus-tuf-gaming-x670e-plus-wifi.jpg"], "price": "289.99", "socket_type": "Socket AM5", "ram_type": "DDR5", "SATA_storage_connectors": 4, "M2_storage_connectors": 4},
{"name": "ASRock B650M Pro RS", "description": "AMD B650 | Memory Slot 4 | DDR5 | Storage Connector 1 x Hyper M.2 | Micro ATX | Number of PCI-X x 16 Slots 2", "image_links": ["https://cdn.idealo.com/folder/Product/202814/5/202814595/s3_produktbild_max/asrock-b650m-pro-rs.jpg", "https://cdn.idealo.com/folder/Product/202814/5/202814595/s3_produktbild_max_1/asrock-b650m-pro-rs.jpg", "https://cdn.idealo.com/folder/Product/202814/5/202814595/s3_produktbild_max_2/asrock-b650m-pro-rs.jpg", "https://cdn.idealo.com/folder/Product/202814/5/202814595/s3_produktbild_max_3/asrock-b650m-pro-rs.jpg", "https://cdn.idealo.com/folder/Product/202814/5/202814595/s3_produktbild_max_4/asrock-b650m-pro-rs.jpg"], "price": "114.21", "socket_type": "Socket AM5", "ram_type": "DDR5", "SATA_storage_connectors": 4, "M2_storage_connectors": 1},
{"name": "GigaByte X870E Aorus Elite WIFI7", "description": "AMD X870E | Memory Slot 4 | DDR5 | Storage Connector 4 x M.2 | ATX | Number of PCI-X x 16 Slots 3", "image_links": ["https://cdn.idealo.com/folder/Product/204778/8/204778832/s3_produktbild_max/gigabyte-x870e-aorus-elite-wifi7.jpg", "https://cdn.idealo.com/folder/Product/204778/8/204778832/s3_produktbild_max_1/gigabyte-x870e-aorus-elite-wifi7.jpg", "https://cdn.idealo.com/folder/Product/204778/8/204778832/s3_produktbild_max_2/gigabyte-x870e-aorus-elite-wifi7.jpg", "https://cdn.idealo.com/folder/Product/204778/8/204778832/s3_produktbild_max_3/gigabyte-x870e-aorus-elite-wifi7.jpg", "https://cdn.idealo.com/folder/Product/204778/8/204778832/s3_produktbild_max_4/gigabyte-x870e-aorus-elite-wifi7.jpg"], "price": "257.19", "socket_type": "Socket AM5", "ram_type": "DDR5", "SATA_storage_connectors": 4, "M2_storage_connectors": 4},
{"name": "ASUS Prime B550M-A WiFi II", "description": "Memory Slot 4 | DDR4 | Storage Connector 2 x M.2 | Micro ATX | Number of PCI-X x 16 Slots 1", "image_links": ["https://cdn.idealo.com/folder/Product/201799/8/201799817/s3_produktbild_max/asus-prime-b550m-a-wifi-ii.jpg", "https://cdn.idealo.com/folder/Product/201799/8/201799817/s3_produktbild_max_1/asus-prime-b550m-a-wifi-ii.jpg", "https://cdn.idealo.com/folder/Product/201799/8/201799817/s3_produktbild_max_2/asus-prime-b550m-a-wifi-ii.jpg", "https://cdn.idealo.com/folder/Product/201799/8/201799817/s3_produktbild_max_3/asus-prime-b550m-a-wifi-ii.jpg", "https://cdn.idealo.com/folder/Product/201799/8/201799817/s3_produktbild_max_4/asus-prime-b550m-a-wifi-ii.jpg", "https://cdn.idealo.com/folder/Product/201799/8/201799817/s3_produktbild_max_5/asus-prime-b550m-a-wifi-ii.jpg", "https://cdn.idealo.com/folder/Product/201799/8/201799817/s3_produktbild_max_6/asus-prime-b550m-a-wifi-ii.jpg", "https://cdn.idealo.com/folder/Product/201799/8/201799817/s3_produktbild_max_7/asus-prime-b550m-a-wifi-ii.jpg"], "price": "99.99", "socket_type": "Socket AM4", "ram_type": "DDR4", "SATA_storage_connectors": 4, "M2_storage_connectors": 2},
{"name": "MSI MPG X870E Carbon WiFi", "description": "AMD X870E | Memory Slot 4 | DDR5 | Storage Connector 4 x M.2 | ATX | Number of PCI-X x 16 Slots 3", "image_links": ["https://cdn.idealo.com/folder/Product/204861/5/204861579/s3_produktbild_max/msi-mpg-x870e-carbon-wifi.jpg", "https://cdn.idealo.com/folder/Product/204861/5/204861579/s3_produktbild_max_1/msi-mpg-x870e-carbon-wifi.jpg", "https://cdn.idealo.com/folder/Product/204861/5/204861579/s3_produktbild_max_2/msi-mpg-x870e-carbon-wifi.jpg", "https://cdn.idealo.com/folder/Product/204861/5/204861579/s3_produktbild_max_3/msi-mpg-x870e-carbon-wifi.jpg", "https://cdn.idealo.com/folder/Product/204861/5/204861579/s3_produktbild_max_4/msi-mpg-x870e-carbon-wifi.jpg", "https://cdn.idealo.com/folder/Product/204861/5/204861579/s3_produktbild_max_5/msi-mpg-x870e-carbon-wifi.jpg", "https://cdn.idealo.com/folder/Product/204861/5/204861579/s3_produktbild_max_6/msi-mpg-x870e-carbon-wifi.jpg"], "price": "437.49", "socket_type": "Socket AM5", "ram_type": "DDR5", "SATA_storage_connectors": 4, "M2_storage_connectors": 4},
{"name": "ASUS ROG Strix B850-I Gaming WiFi", "description": "Memory Slot 2 | DDR5 | Storage Connector 4 x M.2 | Mini-ITX | Number of PCI-X x 16 Slots 1", "image_links": ["https://cdn.idealo.com/folder/Product/205556/6/205556636/s3_produktbild_max/asus-rog-strix-b850-i-gaming-wifi.jpg", "https://cdn.idealo.com/folder/Product/205556/6/205556636/s3_produktbild_max_1/asus-rog-strix-b850-i-gaming-wifi.jpg", "https://cdn.idealo.com/folder/Product/205556/6/205556636/s3_produktbild_max_2/asus-rog-strix-b850-i-gaming-wifi.jpg", "https://cdn.idealo.com/folder/Product/205556/6/205556636/s3_produktbild_max_3/asus-rog-strix-b850-i-gaming-wifi.jpg", "https://cdn.idealo.com/folder/Product/205556/6/205556636/s3_produktbild_max_4/asus-rog-strix-b850-i-gaming-wifi.jpg", "https://cdn.idealo.com/folder/Product/205556/6/205556636/s3_produktbild_max_5/asus-rog-strix-b850-i-gaming-wifi.jpg", "https://cdn.idealo.com/folder/Product/205556/6/205556636/s3_produktbild_max_6/asus-rog-strix-b850-i-gaming-wifi.jpg", "https://cdn.idealo.com/folder/Product/205556/6/205556636/s3_produktbild_max_7/asus-rog-strix-b850-i-gaming-wifi.jpg", "https://cdn.idealo.com/folder/Product/205556/6/205556636/s3_produktbild_max_8/asus-rog-strix-b850-i-gaming-wifi.jpg", "https://cdn.idealo.com/folder/Product/205556/6/205556636/s3_produktbild_max_9/asus-rog-strix-b850-i-gaming-wifi.jpg", "https://cdn.idealo.com/folder/Product/205556/6/205556636/s3_produktbild_max_10/asus-rog-strix-b850-i-gaming-wifi.jpg"], "price": "292.42", "socket_type": "Socket AM5", "ram_type": "DDR5", "SATA_storage_connectors": 2, "M2_storage_connectors": 4},
{"name": "ASUS TUF Gaming B550-Plus WiFi II", "description": "Memory Slot 4 | DDR4 | Storage Connector 2 x M.2 | ATX | Number of PCI-X x 16 Slots 2", "image_links": ["https://cdn.idealo.com/folder/Product/201799/8/201799808/s3_produktbild_max/asus-tuf-gaming-b550-plus-wifi-ii.jpg", "https://cdn.idealo.com/folder/Product/201799/8/201799808/s3_produktbild_max_1/asus-tuf-gaming-b550-plus-wifi-ii.jpg", "https://cdn.idealo.com/folder/Product/201799/8/201799808/s3_produktbild_max_2/asus-tuf-gaming-b550-plus-wifi-ii.jpg", "https://cdn.idealo.com/folder/Product/201799/8/201799808/s3_produktbild_max_3/asus-tuf-gaming-b550-plus-wifi-ii.jpg", "https://cdn.idealo.com/folder/Product/201799/8/201799808/s3_produktbild_max_4/asus-tuf-gaming-b550-plus-wifi-ii.jpg", "https://cdn.idealo.com/folder/Product/201799/8/201799808/s3_produktbild_max_5/asus-tuf-gaming-b550-plus-wifi-ii.jpg", "https://cdn.idealo.com/folder/Product/201799/8/201799808/s3_produktbild_max_6/asus-tuf-gaming-b550-plus-wifi-ii.jpg", "https://cdn.idealo.com/folder/Product/201799/8/201799808/s3_produktbild_max_7/asus-tuf-gaming-b550-plus-wifi-ii.jpg"], "price": "105.98", "socket_type": "Socket AM4", "ram_type": "DDR4", "SATA_storage_connectors": 6, "M2_storage_connectors": 2},
{"name": "ASUS Prime H610M-A WiFi", "description": "Memory Slot 2 | DDR5 | Storage Connector 4 x S-ATA3 600 | Micro ATX | Number of PCI-X x 16 Slots 1", "image_links": ["https://cdn.idealo.com/folder/Product/203195/2/203195267/s3_produktbild_max/asus-prime-h610m-a-wifi.jpg", "https://cdn.idealo.com/folder/Product/203195/2/203195267/s3_produktbild_max_1/asus-prime-h610m-a-wifi.jpg", "https://cdn.idealo.com/folder/Product/203195/2/203195267/s3_produktbild_max_2/asus-prime-h610m-a-wifi.jpg", "https://cdn.idealo.com/folder/Product/203195/2/203195267/s3_produktbild_max_3/asus-prime-h610m-a-wifi.jpg", "https://cdn.idealo.com/folder/Product/203195/2/203195267/s3_produktbild_max_4/asus-prime-h610m-a-wifi.jpg", "https://cdn.idealo.com/folder/Product/203195/2/203195267/s3_produktbild_max_5/asus-prime-h610m-a-wifi.jpg", "https://cdn.idealo.com/folder/Product/203195/2/203195267/s3_produktbild_max_6/asus-prime-h610m-a-wifi.jpg"], "price": "79.99", "socket_type": "Socket 1700", "ram_type": "DDR5", "SATA_storage_connectors": 4, "M2_storage_connectors": 2},
{"name": "ASRock B760M PG Sonic WiFi", "description": "Memory Slot 4 | DDR5 | Storage Connector 4 x S-ATA3 600 | Micro ATX | Number of PCI-X x 16 Slots 1", "image_links": ["https://cdn.idealo.com/folder/Product/202272/5/202272501/s3_produktbild_max/asrock-b760m-pg-sonic-wifi.jpg", "https://cdn.idealo.com/folder/Product/202272/5/202272501/s3_produktbild_max_1/asrock-b760m-pg-sonic-wifi.jpg", "https://cdn.idealo.com/folder/Product/202272/5/202272501/s3_produktbild_max_2/asrock-b760m-pg-sonic-wifi.jpg", "https://cdn.idealo.com/folder/Product/202272/5/202272501/s3_produktbild_max_3/asrock-b760m-pg-sonic-wifi.jpg", "https://cdn.idealo.com/folder/Product/202272/5/202272501/s3_produktbild_max_4/asrock-b760m-pg-sonic-wifi.jpg", "https://cdn.idealo.com/folder/Product/202272/5/202272501/s3_produktbild_max_5/asrock-b760m-pg-sonic-wifi.jpg"], "price": "117.92", "socket_type": "Socket 1700", "ram_type": "DDR5", "SATA_storage_connectors": 4, "M2_storage_connectors": 0},
{"name": "ASUS ROG Strix B850-A Gaming WiFi", "description": "Memory Slot 4 | DDR5 | Storage Connector 4 x M.2 | ATX | Number of PCI-X x 16 Slots 2", "image_links": ["https://cdn.idealo.com/folder/Product/205562/2/205562264/s3_produktbild_max/asus-rog-strix-b850-a-gaming-wifi.jpg", "https://cdn.idealo.com/folder/Product/205562/2/205562264/s3_produktbild_max_1/asus-rog-strix-b850-a-gaming-wifi.jpg", "https://cdn.idealo.com/folder/Product/205562/2/205562264/s3_produktbild_max_2/asus-rog-strix-b850-a-gaming-wifi.jpg", "https://cdn.idealo.com/folder/Product/205562/2/205562264/s3_produktbild_max_3/asus-rog-strix-b850-a-gaming-wifi.jpg", "https://cdn.idealo.com/folder/Product/205562/2/205562264/s3_produktbild_max_4/asus-rog-strix-b850-a-gaming-wifi.jpg", "https://cdn.idealo.com/folder/Product/205562/2/205562264/s3_produktbild_max_5/asus-rog-strix-b850-a-gaming-wifi.jpg", "https://cdn.idealo.com/folder/Product/205562/2/205562264/s3_produktbild_max_6/asus-rog-strix-b850-a-gaming-wifi.jpg", "https://cdn.idealo.com/folder/Product/205562/2/205562264/s3_produktbild_max_7/asus-rog-strix-b850-a-gaming-wifi.jpg", "https://cdn.idealo.com/folder/Product/205562/2/205562264/s3_produktbild_max_8/asus-rog-strix-b850-a-gaming-wifi.jpg", "https://cdn.idealo.com/folder/Product/205562/2/205562264/s3_produktbild_max_9/asus-rog-strix-b850-a-gaming-wifi.jpg"], "price": "271.40", "socket_type": "Socket AM5", "ram_type": "DDR5", "SATA_storage_connectors": 2, "M2_storage_connectors": 4},
{"name": "MSI MAG X870 Tomahawk WiFi", "description": "AMD X870 | Memory Slot 4 | DDR5 | Storage Connector 4 x M.2 | ATX | Number of PCI-X x 16 Slots 3", "image_links": ["https://cdn.idealo.com/folder/Product/204863/0/204863076/s3_produktbild_max/msi-mag-x870-tomahawk-wifi.jpg", "https://cdn.idealo.com/folder/Product/204863/0/204863076/s3_produktbild_max_1/msi-mag-x870-tomahawk-wifi.jpg", "https://cdn.idealo.com/folder/Product/204863/0/204863076/s3_produktbild_max_2/msi-mag-x870-tomahawk-wifi.jpg", "https://cdn.idealo.com/folder/Product/204863/0/204863076/s3_produktbild_max_3/msi-mag-x870-tomahawk-wifi.jpg", "https://cdn.idealo.com/folder/Product/204863/0/204863076/s3_produktbild_max_4/msi-mag-x870-tomahawk-wifi.jpg", "https://cdn.idealo.com/folder/Product/204863/0/204863076/s3_produktbild_max_5/msi-mag-x870-tomahawk-wifi.jpg"], "price": "291.67", "socket_type": "Socket AM5", "ram_type": "DDR5"},
{"name": "GigaByte B550 Gaming X V2", "description": "Memory Slot 4 | DDR4 | Storage Connector 2 x M.2 | ATX | Number of PCI-X x 16 Slots 2", "image_links": ["https://cdn.idealo.com/folder/Product/200838/5/200838572/s3_produktbild_max/gigabyte-b550-gaming-x-v2.jpg", "https://cdn.idealo.com/folder/Product/200838/5/200838572/s3_produktbild_max_1/gigabyte-b550-gaming-x-v2.jpg", "https://cdn.idealo.com/folder/Product/200838/5/200838572/s3_produktbild_max_2/gigabyte-b550-gaming-x-v2.jpg", "https://cdn.idealo.com/folder/Product/200838/5/200838572/s3_produktbild_max_3/gigabyte-b550-gaming-x-v2.jpg", "https://cdn.idealo.com/folder/Product/200838/5/200838572/s3_produktbild_max_4/gigabyte-b550-gaming-x-v2.jpg"], "price": "90.65", "socket_type": "Socket AM4", "ram_type": "DDR4", "SATA_storage_connectors": 4, "M2_storage_connectors": 2},
{"name": "ASRock H310CM-DVS", "description": "Intel H310 | Memory Slot 2 | DDR4 | Storage Connector 4 x S-ATA3 600 | Micro ATX | Number of PCI-X x 16 Slots 1", "image_links": ["https://cdn.idealo.com/folder/Product/6271/0/6271027/s3_produktbild_max/asrock-h310cm-dvs.jpg", "https://cdn.idealo.com/folder/Product/6271/0/6271027/s3_produktbild_max_1/asrock-h310cm-dvs.jpg", "https://cdn.idealo.com/folder/Product/6271/0/6271027/s3_produktbild_max_2/asrock-h310cm-dvs.jpg", "https://cdn.idealo.com/folder/Product/6271/0/6271027/s3_produktbild_max_3/asrock-h310cm-dvs.jpg", "https://cdn.idealo.com/folder/Product/6271/0/6271027/s3_produktbild_max_4/asrock-h310cm-dvs.jpg"], "price": "42.99", "socket_type": "Socket 1151", "ram_type": "DDR4"},
{"name": "ASUS ROG Strix X870E-E Gaming WiFi", "description": "AMD X870E | Memory Slot 4 | DDR5 | Storage Connector 5 x M.2 | ATX | Number of PCI-X x 16 Slots 2", "image_links": ["https://cdn.idealo.com/folder/Product/204860/6/204860655/s3_produktbild_max/asus-rog-strix-x870e-e-gaming-wifi.jpg", "https://cdn.idealo.com/folder/Product/204860/6/204860655/s3_produktbild_max_1/asus-rog-strix-x870e-e-gaming-wifi.jpg", "https://cdn.idealo.com/folder/Product/204860/6/204860655/s3_produktbild_max_2/asus-rog-strix-x870e-e-gaming-wifi.jpg", "https://cdn.idealo.com/folder/Product/204860/6/204860655/s3_produktbild_max_3/asus-rog-strix-x870e-e-gaming-wifi.jpg", "https://cdn.idealo.com/folder/Product/204860/6/204860655/s3_produktbild_max_4/asus-rog-strix-x870e-e-gaming-wifi.jpg", "https://cdn.idealo.com/folder/Product/204860/6/204860655/s3_produktbild_max_5/asus-rog-strix-x870e-e-gaming-wifi.jpg", "https://cdn.idealo.com/folder/Product/204860/6/204860655/s3_produktbild_max_6/asus-rog-strix-x870e-e-gaming-wifi.jpg", "https://cdn.idealo.com/folder/Product/204860/6/204860655/s3_produktbild_max_7/asus-rog-strix-x870e-e-gaming-wifi.jpg", "https://cdn.idealo.com/folder/Product/204860/6/204860655/s3_produktbild_max_8/asus-rog-strix-x870e-e-gaming-wifi.jpg", "https://cdn.idealo.com/folder/Product/204860/6/204860655/s3_produktbild_max_9/asus-rog-strix-x870e-e-gaming-wifi.jpg", "https://cdn.idealo.com/folder/Product/204860/6/204860655/s3_produktbild_max_10/asus-rog-strix-x870e-e-gaming-wifi.jpg", "https://cdn.idealo.com/folder/Product/204860/6/204860655/s3_produktbild_max_11/asus-rog-strix-x870e-e-gaming-wifi.jpg"], "price": "468.98", "socket_type": "Socket AM5", "ram_type": "DDR5", "SATA_storage_connectors": 4, "M2_storage_connectors": 5},
{"name": "MSI MAG X870E Tomahawk WiFi", "description": "AMD X870E | Memory Slot 4 | DDR5 | Storage Connector 4 x M.2 | ATX | Number of PCI-X x 16 Slots 3", "image_links": ["https://cdn.idealo.com/folder/Product/205567/3/205567317/s3_produktbild_max/msi-mag-x870e-tomahawk-wifi.jpg", "https://cdn.idealo.com/folder/Product/205567/3/205567317/s3_produktbild_max_1/msi-mag-x870e-tomahawk-wifi.jpg", "https://cdn.idealo.com/folder/Product/205567/3/205567317/s3_produktbild_max_2/msi-mag-x870e-tomahawk-wifi.jpg", "https://cdn.idealo.com/folder/Product/205567/3/205567317/s3_produktbild_max_3/msi-mag-x870e-tomahawk-wifi.jpg", "https://cdn.idealo.com/folder/Product/205567/3/205567317/s3_produktbild_max_4/msi-mag-x870e-tomahawk-wifi.jpg"], "price": "272.95", "socket_type": "Socket AM5", "ram_type": "DDR5", "SATA_storage_connectors": 4, "M2_storage_connectors": 4},
{"name": "GigaByte B550M Aorus Elite", "description": "Memory Slot 4 | DDR4 | Storage Connector 2 x M.2 | Micro ATX | Number of PCI-X x 16 Slots 2", "image_links": ["https://cdn.idealo.com/folder/Product/200411/5/200411576/s3_produktbild_max/gigabyte-b550m-aorus-elite.jpg", "https://cdn.idealo.com/folder/Product/200411/5/200411576/s3_produktbild_max_1/gigabyte-b550m-aorus-elite.jpg", "https://cdn.idealo.com/folder/Product/200411/5/200411576/s3_produktbild_max_2/gigabyte-b550m-aorus-elite.jpg", "https://cdn.idealo.com/folder/Product/200411/5/200411576/s3_produktbild_max_3/gigabyte-b550m-aorus-elite.jpg", "https://cdn.idealo.com/folder/Product/200411/5/200411576/s3_produktbild_max_4/gigabyte-b550m-aorus-elite.jpg"], "price": "78.94", "socket_type": "Socket AM4", "ram_type": "DDR4", "SATA_storage_connectors": 4, "M2_storage_connectors": 2},
{"name": "ASUS ROG Strix B850-E Gaming WiFi", "description": "Memory Slot 4 | DDR5 | Storage Connector 5 x M.2 | ATX | Number of PCI-X x 16 Slots 2", "image_links": ["https://cdn.idealo.com/folder/Product/205556/8/205556875/s3_produktbild_max/asus-rog-strix-b850-e-gaming-wifi.jpg", "https://cdn.idealo.com/folder/Product/205556/8/205556875/s3_produktbild_max_1/asus-rog-strix-b850-e-gaming-wifi.jpg", "https://cdn.idealo.com/folder/Product/205556/8/205556875/s3_produktbild_max_2/asus-rog-strix-b850-e-gaming-wifi.jpg", "https://cdn.idealo.com/folder/Product/205556/8/205556875/s3_produktbild_max_3/asus-rog-strix-b850-e-gaming-wifi.jpg", "https://cdn.idealo.com/folder/Product/205556/8/205556875/s3_produktbild_max_4/asus-rog-strix-b850-e-gaming-wifi.jpg", "https://cdn.idealo.com/folder/Product/205556/8/205556875/s3_produktbild_max_5/asus-rog-strix-b850-e-gaming-wifi.jpg", "https://cdn.idealo.com/folder/Product/205556/8/205556875/s3_produktbild_max_6/asus-rog-strix-b850-e-gaming-wifi.jpg", "https://cdn.idealo.com/folder/Product/205556/8/205556875/s3_produktbild_max_7/asus-rog-strix-b850-e-gaming-wifi.jpg", "https://cdn.idealo.com/folder/Product/205556/8/205556875/s3_produktbild_max_8/asus-rog-strix-b850-e-gaming-wifi.jpg", "https://cdn.idealo.com/folder/Product/205556/8/205556875/s3_produktbild_max_9/asus-rog-strix-b850-e-gaming-wifi.jpg", "https://cdn.idealo.com/folder/Product/205556/8/205556875/s3_produktbild_max_10/asus-rog-strix-b850-e-gaming-wifi.jpg"], "price": "319.83", "socket_type": "Socket AM5", "ram_type": "DDR5", "SATA_storage_connectors": 4, "M2_storage_connectors": 5},
{"name": "MSI Pro B850-P WiFi", "description": "Memory Slot 4 | DDR5 | Storage Connector 4 x S-ATA3 600 | ATX | Number of PCI-X x 16 Slots 4", "image_links": ["https://cdn.idealo.com/folder/Product/205554/9/205554979/s3_produktbild_max/msi-pro-b850-p-wifi.jpg", "https://cdn.idealo.com/folder/Product/205554/9/205554979/s3_produktbild_max_1/msi-pro-b850-p-wifi.jpg", "https://cdn.idealo.com/folder/Product/205554/9/205554979/s3_produktbild_max_2/msi-pro-b850-p-wifi.jpg", "https://cdn.idealo.com/folder/Product/205554/9/205554979/s3_produktbild_max_3/msi-pro-b850-p-wifi.jpg", "https://cdn.idealo.com/folder/Product/205554/9/205554979/s3_produktbild_max_4/msi-pro-b850-p-wifi.jpg"], "price": "162.15", "socket_type": "Socket AM5", "ram_type": "DDR5", "SATA_storage_connectors": 4, "M2_storage_connectors": 3},
{"name": "ASRock B850M Pro RS WiFi", "description": "Memory Slot 4 | DDR5 | Storage Connector 4 x S-ATA3 600 | Micro ATX | Number of PCI-X x 16 Slots 1", "image_links": ["https://cdn.idealo.com/folder/Product/205561/0/205561001/s3_produktbild_max/asrock-b850m-pro-rs-wifi.jpg", "https://cdn.idealo.com/folder/Product/205561/0/205561001/s3_produktbild_max_1/asrock-b850m-pro-rs-wifi.jpg", "https://cdn.idealo.com/folder/Product/205561/0/205561001/s3_produktbild_max_2/asrock-b850m-pro-rs-wifi.jpg", "https://cdn.idealo.com/folder/Product/205561/0/205561001/s3_produktbild_max_3/asrock-b850m-pro-rs-wifi.jpg", "https://cdn.idealo.com/folder/Product/205561/0/205561001/s3_produktbild_max_4/asrock-b850m-pro-rs-wifi.jpg", "https://cdn.idealo.com/folder/Product/205561/0/205561001/s3_produktbild_max_5/asrock-b850m-pro-rs-wifi.jpg"], "price": "133.49", "socket_type": "Socket AM5", "ram_type": "DDR5", "SATA_storage_connectors": 4, "M2_storage_connectors": 3},
{"name": "GigaByte X870I Aorus Pro Ice", "description": "AMD X870 | Memory Slot 2 | DDR5 | Storage Connector 2 x S-ATA3 600 | Mini-ITX | Number of PCI-X x 16 Slots 1", "image_links": ["https://cdn.idealo.com/folder/Product/205099/8/205099871/s3_produktbild_max/gigabyte-x870i-aorus-pro-ice.jpg", "https://cdn.idealo.com/folder/Product/205099/8/205099871/s3_produktbild_max_1/gigabyte-x870i-aorus-pro-ice.jpg", "https://cdn.idealo.com/folder/Product/205099/8/205099871/s3_produktbild_max_2/gigabyte-x870i-aorus-pro-ice.jpg", "https://cdn.idealo.com/folder/Product/205099/8/205099871/s3_produktbild_max_3/gigabyte-x870i-aorus-pro-ice.jpg", "https://cdn.idealo.com/folder/Product/205099/8/205099871/s3_produktbild_max_4/gigabyte-x870i-aorus-pro-ice.jpg", "https://cdn.idealo.com/folder/Product/205099/8/205099871/s3_produktbild_max_5/gigabyte-x870i-aorus-pro-ice.jpg"], "price": "252.88", "socket_type": "Socket AM5", "ram_type": "DDR5", "SATA_storage_connectors": 2, "M2_storage_connectors": 2},
{"name": "NZXT N7 Z790 Black", "description": "Intel Z790 | Memory Slot 4 | DDR5 | Storage Connector 3 x M.2 | ATX | Number of PCI-X x 16 Slots 3", "image_links": ["https://cdn.idealo.com/folder/Product/202287/1/202287184/s3_produktbild_max/nzxt-n7-z790-black.jpg", "https://cdn.idealo.com/folder/Product/202287/1/202287184/s3_produktbild_max_1/nzxt-n7-z790-black.jpg", "https://cdn.idealo.com/folder/Product/202287/1/202287184/s3_produktbild_max_2/nzxt-n7-z790-black.jpg", "https://cdn.idealo.com/folder/Product/202287/1/202287184/s3_produktbild_max_3/nzxt-n7-z790-black.jpg", "https://cdn.idealo.com/folder/Product/202287/1/202287184/s3_produktbild_max_4/nzxt-n7-z790-black.jpg"], "price": "150.05", "socket_type": "Socket 1700", "ram_type": "DDR5", "SATA_storage_connectors": 4, "M2_storage_connectors": 3},
{"name": "ASUS TUF Gaming B850M-Plus WiFi", "description": "Memory Slot 4 | DDR5 | Storage Connector 4 x S-ATA3 600 | Micro ATX | Number of PCI-X x 16 Slots 1", "image_links": ["https://cdn.idealo.com/folder/Product/205556/7/205556795/s3_produktbild_max/asus-tuf-gaming-b850m-plus-wifi.jpg", "https://cdn.idealo.com/folder/Product/205556/7/205556795/s3_produktbild_max_1/asus-tuf-gaming-b850m-plus-wifi.jpg", "https://cdn.idealo.com/folder/Product/205556/7/205556795/s3_produktbild_max_2/asus-tuf-gaming-b850m-plus-wifi.jpg", "https://cdn.idealo.com/folder/Product/205556/7/205556795/s3_produktbild_max_3/asus-tuf-gaming-b850m-plus-wifi.jpg", "https://cdn.idealo.com/folder/Product/205556/7/205556795/s3_produktbild_max_4/asus-tuf-gaming-b850m-plus-wifi.jpg", "https://cdn.idealo.com/folder/Product/205556/7/205556795/s3_produktbild_max_5/asus-tuf-gaming-b850m-plus-wifi.jpg", "https://cdn.idealo.com/folder/Product/205556/7/205556795/s3_produktbild_max_6/asus-tuf-gaming-b850m-plus-wifi.jpg", "https://cdn.idealo.com/folder/Product/205556/7/205556795/s3_produktbild_max_7/asus-tuf-gaming-b850m-plus-wifi.jpg", "https://cdn.idealo.com/folder/Product/205556/7/205556795/s3_produktbild_max_8/asus-tuf-gaming-b850m-plus-wifi.jpg"], "price": "224.53", "socket_type": "Socket AM5", "ram_type": "DDR5", "SATA_storage_connectors": 4, "M2_storage_connectors": 3},
{"name": "MSI MPG X870E Edge TI WiFi", "description": "AMD X870E | Memory Slot 4 | DDR5 | Storage Connector 4 x M.2 | ATX | Number of PCI-X x 16 Slots 3", "image_links": ["https://cdn.idealo.com/folder/Product/205567/0/205567032/s3_produktbild_max/msi-mpg-x870e-edge-ti-wifi.jpg", "https://cdn.idealo.com/folder/Product/205567/0/205567032/s3_produktbild_max_1/msi-mpg-x870e-edge-ti-wifi.jpg", "https://cdn.idealo.com/folder/Product/205567/0/205567032/s3_produktbild_max_2/msi-mpg-x870e-edge-ti-wifi.jpg", "https://cdn.idealo.com/folder/Product/205567/0/205567032/s3_produktbild_max_3/msi-mpg-x870e-edge-ti-wifi.jpg", "https://cdn.idealo.com/folder/Product/205567/0/205567032/s3_produktbild_max_4/msi-mpg-x870e-edge-ti-wifi.jpg"], "price": "308.91", "socket_type": "Socket AM5", "ram_type": "DDR5", "SATA_storage_connectors": 4, "M2_storage_connectors": 4},
{"name": "GigaByte Z790 Gaming X AX", "description": "Intel Z790 | Memory Slot 4 | DDR5 | Storage Connector 4 x M.2 | ATX | Number of PCI-X x 16 Slots 3", "image_links": ["https://cdn.idealo.com/folder/Product/202120/9/202120980/s3_produktbild_max/gigabyte-z790-gaming-x-ax.jpg", "https://cdn.idealo.com/folder/Product/202120/9/202120980/s3_produktbild_max_1/gigabyte-z790-gaming-x-ax.jpg", "https://cdn.idealo.com/folder/Product/202120/9/202120980/s3_produktbild_max_2/gigabyte-z790-gaming-x-ax.jpg", "https://cdn.idealo.com/folder/Product/202120/9/202120980/s3_produktbild_max_3/gigabyte-z790-gaming-x-ax.jpg", "https://cdn.idealo.com/folder/Product/202120/9/202120980/s3_produktbild_max_4/gigabyte-z790-gaming-x-ax.jpg", "https://cdn.idealo.com/folder/Product/202120/9/202120980/s3_produktbild_max_5/gigabyte-z790-gaming-x-ax.jpg"], "price": "179.99", "socket_type": "Socket 1700", "ram_type": "DDR5", "SATA_storage_connectors": 6, "M2_storage_connectors": 4},
{"name": "ASRock Phantom Gaming B850M Riptide WiFi", "description": "Memory Slot 4 | DDR5 | Storage Connector 4 x S-ATA3 600 | Micro ATX | Number of PCI-X x 16 Slots 1", "image_links": ["https://cdn.idealo.com/folder/Product/205584/7/205584759/s3_produktbild_max/asrock-phantom-gaming-b850m-riptide-wifi.jpg", "https://cdn.idealo.com/folder/Product/205584/7/205584759/s3_produktbild_max_1/asrock-phantom-gaming-b850m-riptide-wifi.jpg", "https://cdn.idealo.com/folder/Product/205584/7/205584759/s3_produktbild_max_2/asrock-phantom-gaming-b850m-riptide-wifi.jpg", "https://cdn.idealo.com/folder/Product/205584/7/205584759/s3_produktbild_max_3/asrock-phantom-gaming-b850m-riptide-wifi.jpg", "https://cdn.idealo.com/folder/Product/205584/7/205584759/s3_produktbild_max_4/asrock-phantom-gaming-b850m-riptide-wifi.jpg", "https://cdn.idealo.com/folder/Product/205584/7/205584759/s3_produktbild_max_5/asrock-phantom-gaming-b850m-riptide-wifi.jpg"], "price": "172.99", "socket_type": "Socket AM5", "ram_type": "DDR5", "SATA_storage_connectors": 4, "M2_storage_connectors": 3},
{"name": "ASUS ROG Strix B550-A Gaming", "description": "Memory Slot 4 | DDR4 | Storage Connector 2 x M.2 | ATX | Number of PCI-X x 16 Slots 2", "image_links": ["https://cdn.idealo.com/folder/Product/200784/0/200784016/s3_produktbild_max/asus-rog-strix-b550-a-gaming.jpg", "https://cdn.idealo.com/folder/Product/200784/0/200784016/s3_produktbild_max_1/asus-rog-strix-b550-a-gaming.jpg", "https://cdn.idealo.com/folder/Product/200784/0/200784016/s3_produktbild_max_2/asus-rog-strix-b550-a-gaming.jpg", "https://cdn.idealo.com/folder/Product/200784/0/200784016/s3_produktbild_max_3/asus-rog-strix-b550-a-gaming.jpg", "https://cdn.idealo.com/folder/Product/200784/0/200784016/s3_produktbild_max_4/asus-rog-strix-b550-a-gaming.jpg", "https://cdn.idealo.com/folder/Product/200784/0/200784016/s3_produktbild_max_5/asus-rog-strix-b550-a-gaming.jpg"], "price": "129.99", "socket_type": "Socket AM4", "ram_type": "DDR4", "SATA_storage_connectors": 6, "M2_storage_connectors": 2},
{"name": "MSI A520M-A Pro", "description": "Memory Slot 2 | DDR4 | Storage Connector 4 x S-ATA3 600 | Micro ATX | Number of PCI-X x 16 Slots 1", "image_links": ["https://cdn.idealo.com/folder/Product/200625/5/200625530/s3_produktbild_max/msi-a520m-a-pro.jpg", "https://cdn.idealo.com/folder/Product/200625/5/200625530/s3_produktbild_max_1/msi-a520m-a-pro.jpg", "https://cdn.idealo.com/folder/Product/200625/5/200625530/s3_produktbild_max_2/msi-a520m-a-pro.jpg", "https://cdn.idealo.com/folder/Product/200625/5/200625530/s3_produktbild_max_3/msi-a520m-a-pro.jpg", "https://cdn.idealo.com/folder/Product/200625/5/200625530/s3_produktbild_max_4/msi-a520m-a-pro.jpg"], "price": "47.99", "socket_type": "Socket AM4", "ram_type": "DDR4", "SATA_storage_connectors": 4, "M2_storage_connectors": 1},
{"name": "GigaByte A520M K V2", "description": "Memory Slot 2 | DDR4 | Storage Connector 1 x M.2 | Micro ATX | Number of PCI-X x 16 Slots 1", "image_links": ["https://cdn.idealo.com/folder/Product/202663/9/202663976/s3_produktbild_max/gigabyte-a520m-k-v2.jpg", "https://cdn.idealo.com/folder/Product/202663/9/202663976/s3_produktbild_max_1/gigabyte-a520m-k-v2.jpg", "https://cdn.idealo.com/folder/Product/202663/9/202663976/s3_produktbild_max_2/gigabyte-a520m-k-v2.jpg", "https://cdn.idealo.com/folder/Product/202663/9/202663976/s3_produktbild_max_3/gigabyte-a520m-k-v2.jpg", "https://cdn.idealo.com/folder/Product/202663/9/202663976/s3_produktbild_max_4/gigabyte-a520m-k-v2.jpg"], "price": "47.78", "socket_type": "Socket AM4", "ram_type": "DDR4", "SATA_storage_connectors": 4, "M2_storage_connectors": 1},
{"name": "ASRock X870E Taichi", "description": "AMD X870E | Memory Slot 4 | DDR5 | Storage Connector 4 x M.2 | E-ATX | Number of PCI-X x 16 Slots 2", "image_links": ["https://cdn.idealo.com/folder/Product/204861/3/204861310/s3_produktbild_max/asrock-x870e-taichi.jpg", "https://cdn.idealo.com/folder/Product/204861/3/204861310/s3_produktbild_max_1/asrock-x870e-taichi.jpg", "https://cdn.idealo.com/folder/Product/204861/3/204861310/s3_produktbild_max_2/asrock-x870e-taichi.jpg", "https://cdn.idealo.com/folder/Product/204861/3/204861310/s3_produktbild_max_3/asrock-x870e-taichi.jpg", "https://cdn.idealo.com/folder/Product/204861/3/204861310/s3_produktbild_max_4/asrock-x870e-taichi.jpg", "https://cdn.idealo.com/folder/Product/204861/3/204861310/s3_produktbild_max_5/asrock-x870e-taichi.jpg", "https://cdn.idealo.com/folder/Product/204861/3/204861310/s3_produktbild_max_6/asrock-x870e-taichi.jpg", "https://cdn.idealo.com/folder/Product/204861/3/204861310/s3_produktbild_max_7/asrock-x870e-taichi.jpg", "https://cdn.idealo.com/folder/Product/204861/3/204861310/s3_produktbild_max_8/asrock-x870e-taichi.jpg"], "price": "456.91", "socket_type": "Socket AM5", "ram_type": "DDR5", "SATA_storage_connectors": 6, "M2_storage_connectors": 4},
{"name": "ASUS ROG Strix B850-F Gaming WiFi", "description": "Memory Slot 4 | DDR5 | Storage Connector 4 x M.2 | ATX | Number of PCI-X x 16 Slots 2", "image_links": ["https://cdn.idealo.com/folder/Product/205561/4/205561445/s3_produktbild_max/asus-rog-strix-b850-f-gaming-wifi.jpg", "https://cdn.idealo.com/folder/Product/205561/4/205561445/s3_produktbild_max_1/asus-rog-strix-b850-f-gaming-wifi.jpg", "https://cdn.idealo.com/folder/Product/205561/4/205561445/s3_produktbild_max_2/asus-rog-strix-b850-f-gaming-wifi.jpg", "https://cdn.idealo.com/folder/Product/205561/4/205561445/s3_produktbild_max_3/asus-rog-strix-b850-f-gaming-wifi.jpg", "https://cdn.idealo.com/folder/Product/205561/4/205561445/s3_produktbild_max_4/asus-rog-strix-b850-f-gaming-wifi.jpg", "https://cdn.idealo.com/folder/Product/205561/4/205561445/s3_produktbild_max_5/asus-rog-strix-b850-f-gaming-wifi.jpg", "https://cdn.idealo.com/folder/Product/205561/4/205561445/s3_produktbild_max_6/asus-rog-strix-b850-f-gaming-wifi.jpg", "https://cdn.idealo.com/folder/Product/205561/4/205561445/s3_produktbild_max_7/asus-rog-strix-b850-f-gaming-wifi.jpg", "https://cdn.idealo.com/folder/Product/205561/4/205561445/s3_produktbild_max_8/asus-rog-strix-b850-f-gaming-wifi.jpg", "https://cdn.idealo.com/folder/Product/205561/4/205561445/s3_produktbild_max_9/asus-rog-strix-b850-f-gaming-wifi.jpg", "https://cdn.idealo.com/folder/Product/205561/4/205561445/s3_produktbild_max_10/asus-rog-strix-b850-f-gaming-wifi.jpg", "https://cdn.idealo.com/folder/Product/205561/4/205561445/s3_produktbild_max_11/asus-rog-strix-b850-f-gaming-wifi.jpg"], "price": "289.99", "socket_type": "Socket AM5", "ram_type": "DDR5", "SATA_storage_connectors": 2, "M2_storage_connectors": 4},
{"name": "ASRock B650I Lightning WiFi", "description": "AMD B650 | Memory Slot 2 | DDR5 | Storage Connector 1 x Hyper M.2 | Mini-ITX | Number of PCI-X x 16 Slots 1", "image_links": ["https://cdn.idealo.com/folder/Product/203373/7/203373744/s3_produktbild_max/asrock-b650i-lightning-wifi.jpg", "https://cdn.idealo.com/folder/Product/203373/7/203373744/s3_produktbild_max_1/asrock-b650i-lightning-wifi.jpg", "https://cdn.idealo.com/folder/Product/203373/7/203373744/s3_produktbild_max_2/asrock-b650i-lightning-wifi.jpg", "https://cdn.idealo.com/folder/Product/203373/7/203373744/s3_produktbild_max_3/asrock-b650i-lightning-wifi.jpg"], "price": "136.93", "socket_type": "Socket AM5", "ram_type": "DDR5", "SATA_storage_connectors": 2, "M2_storage_connectors": 0},
{"name": "ASUS ROG Strix B650E-E Gaming WiFi", "description": "AMD B650E | Memory Slot 4 | DDR5 | Storage Connector 4 x S-ATA3 600 | ATX | Number of PCI-X x 16 Slots 3", "image_links": ["https://cdn.idealo.com/folder/Product/202140/1/202140147/s3_produktbild_max/asus-rog-strix-b650e-e-gaming-wifi.jpg", "https://cdn.idealo.com/folder/Product/202140/1/202140147/s3_produktbild_max_1/asus-rog-strix-b650e-e-gaming-wifi.jpg", "https://cdn.idealo.com/folder/Product/202140/1/202140147/s3_produktbild_max_2/asus-rog-strix-b650e-e-gaming-wifi.jpg", "https://cdn.idealo.com/folder/Product/202140/1/202140147/s3_produktbild_max_3/asus-rog-strix-b650e-e-gaming-wifi.jpg", "https://cdn.idealo.com/folder/Product/202140/1/202140147/s3_produktbild_max_4/asus-rog-strix-b650e-e-gaming-wifi.jpg", "https://cdn.idealo.com/folder/Product/202140/1/202140147/s3_produktbild_max_5/asus-rog-strix-b650e-e-gaming-wifi.jpg", "https://cdn.idealo.com/folder/Product/202140/1/202140147/s3_produktbild_max_6/asus-rog-strix-b650e-e-gaming-wifi.jpg", "https://cdn.idealo.com/folder/Product/202140/1/202140147/s3_produktbild_max_7/asus-rog-strix-b650e-e-gaming-wifi.jpg", "https://cdn.idealo.com/folder/Product/202140/1/202140147/s3_produktbild_max_8/asus-rog-strix-b650e-e-gaming-wifi.jpg", "https://cdn.idealo.com/folder/Product/202140/1/202140147/s3_produktbild_max_9/asus-rog-strix-b650e-e-gaming-wifi.jpg"], "price": "229.99", "socket_type": "Socket AM5", "ram_type": "DDR5", "SATA_storage_connectors": 4, "M2_storage_connectors": 4},
{"name": "ASRock B550M-ITX/ac", "description": "Memory Slot 2 | DDR4 | Storage Connector 1 x Hyper M.2 | Mini-ITX | Number of PCI-X x 16 Slots 1", "image_links": ["https://cdn.idealo.com/folder/Product/200411/5/200411500/s3_produktbild_max/asrock-b550m-itx-ac.jpg", "https://cdn.idealo.com/folder/Product/200411/5/200411500/s3_produktbild_max_1/asrock-b550m-itx-ac.jpg", "https://cdn.idealo.com/folder/Product/200411/5/200411500/s3_produktbild_max_2/asrock-b550m-itx-ac.jpg", "https://cdn.idealo.com/folder/Product/200411/5/200411500/s3_produktbild_max_3/asrock-b550m-itx-ac.jpg", "https://cdn.idealo.com/folder/Product/200411/5/200411500/s3_produktbild_max_4/asrock-b550m-itx-ac.jpg"], "price": "115.03", "socket_type": "Socket AM4", "ram_type": "DDR4", "SATA_storage_connectors": 4, "M2_storage_connectors": 0},
{"name": "ASRock X870 Steel Legend WiFi", "description": "AMD X870 | Memory Slot 4 | DDR5 | Storage Connector 3 x M.2 | ATX | Number of PCI-X x 16 Slots 2", "image_links": ["https://cdn.idealo.com/folder/Product/204863/8/204863826/s3_produktbild_max/204863826.jpg", "https://cdn.idealo.com/folder/Product/204863/8/204863826/s3_produktbild_max_1/204863826.jpg", "https://cdn.idealo.com/folder/Product/204863/8/204863826/s3_produktbild_max_2/204863826.jpg", "https://cdn.idealo.com/folder/Product/204863/8/204863826/s3_produktbild_max_3/204863826.jpg", "https://cdn.idealo.com/folder/Product/204863/8/204863826/s3_produktbild_max_4/204863826.jpg", "https://cdn.idealo.com/folder/Product/204863/8/204863826/s3_produktbild_max_5/204863826.jpg"], "price": "217.03", "socket_type": "Socket AM5", "ram_type": "DDR5", "SATA_storage_connectors": 4, "M2_storage_connectors": 3},
{"name": "ASUS ROG Strix Z790-A Gaming WiFi II", "description": "Intel Z790 | Memory Slot 4 | DDR5 | Storage Connector 4 x S-ATA3 600 | ATX | Number of PCI-X x 16 Slots 2", "image_links": ["https://cdn.idealo.com/folder/Product/203363/1/203363149/s3_produktbild_max/asus-rog-strix-z790-a-gaming-wifi-ii.jpg", "https://cdn.idealo.com/folder/Product/203363/1/203363149/s3_produktbild_max_1/asus-rog-strix-z790-a-gaming-wifi-ii.jpg", "https://cdn.idealo.com/folder/Product/203363/1/203363149/s3_produktbild_max_2/asus-rog-strix-z790-a-gaming-wifi-ii.jpg", "https://cdn.idealo.com/folder/Product/203363/1/203363149/s3_produktbild_max_3/asus-rog-strix-z790-a-gaming-wifi-ii.jpg", "https://cdn.idealo.com/folder/Product/203363/1/203363149/s3_produktbild_max_4/asus-rog-strix-z790-a-gaming-wifi-ii.jpg", "https://cdn.idealo.com/folder/Product/203363/1/203363149/s3_produktbild_max_5/asus-rog-strix-z790-a-gaming-wifi-ii.jpg", "https://cdn.idealo.com/folder/Product/203363/1/203363149/s3_produktbild_max_6/asus-rog-strix-z790-a-gaming-wifi-ii.jpg", "https://cdn.idealo.com/folder/Product/203363/1/203363149/s3_produktbild_max_7/asus-rog-strix-z790-a-gaming-wifi-ii.jpg", "https://cdn.idealo.com/folder/Product/203363/1/203363149/s3_produktbild_max_8/asus-rog-strix-z790-a-gaming-wifi-ii.jpg", "https://cdn.idealo.com/folder/Product/203363/1/203363149/s3_produktbild_max_9/asus-rog-strix-z790-a-gaming-wifi-ii.jpg", "https://cdn.idealo.com/folder/Product/203363/1/203363149/s3_produktbild_max_10/asus-rog-strix-z790-a-gaming-wifi-ii.jpg"], "price": "258.86", "socket_type": "Socket 1700", "ram_type": "DDR5", "SATA_storage_connectors": 4, "M2_storage_connectors": 5},
{"name": "GigaByte B760M Gaming X DDR4", "description": "Memory Slot 4 | DDR4 | Storage Connector 2 x M.2 | Micro ATX | Number of PCI-X x 16 Slots 2", "image_links": ["https://cdn.idealo.com/folder/Product/202271/8/202271811/s3_produktbild_max/gigabyte-b760m-gaming-x-ddr4.jpg", "https://cdn.idealo.com/folder/Product/202271/8/202271811/s3_produktbild_max_1/gigabyte-b760m-gaming-x-ddr4.jpg", "https://cdn.idealo.com/folder/Product/202271/8/202271811/s3_produktbild_max_2/gigabyte-b760m-gaming-x-ddr4.jpg", "https://cdn.idealo.com/folder/Product/202271/8/202271811/s3_produktbild_max_3/gigabyte-b760m-gaming-x-ddr4.jpg", "https://cdn.idealo.com/folder/Product/202271/8/202271811/s3_produktbild_max_4/gigabyte-b760m-gaming-x-ddr4.jpg", "https://cdn.idealo.com/folder/Product/202271/8/202271811/s3_produktbild_max_5/gigabyte-b760m-gaming-x-ddr4.jpg"], "price": "94.51", "socket_type": "Socket 1700", "ram_type": "DDR4", "SATA_storage_connectors": 4, "M2_storage_connectors": 2},
{"name": "ASRock B650 Steel Legend WiFi", "description": "AMD B650 | Memory Slot 4 | DDR5 | Storage Connector 2 x Hyper M.2 | ATX | Number of PCI-X x 16 Slots 2", "image_links": ["https://cdn.idealo.com/folder/Product/204191/0/204191002/s3_produktbild_max/asrock-b650-steel-legend-wifi.jpg", "https://cdn.idealo.com/folder/Product/204191/0/204191002/s3_produktbild_max_1/asrock-b650-steel-legend-wifi.jpg", "https://cdn.idealo.com/folder/Product/204191/0/204191002/s3_produktbild_max_2/asrock-b650-steel-legend-wifi.jpg", "https://cdn.idealo.com/folder/Product/204191/0/204191002/s3_produktbild_max_3/asrock-b650-steel-legend-wifi.jpg", "https://cdn.idealo.com/folder/Product/204191/0/204191002/s3_produktbild_max_4/asrock-b650-steel-legend-wifi.jpg", "https://cdn.idealo.com/folder/Product/204191/0/204191002/s3_produktbild_max_5/asrock-b650-steel-legend-wifi.jpg"], "price": "159.42", "socket_type": "Socket AM5", "ram_type": "DDR5", "SATA_storage_connectors": 4, "M2_storage_connectors": 0},
{"name": "MSI MPG Z790I Edge WiFi", "description": "Intel Z790 | Memory Slot 2 | DDR5 | Storage Connector 3 x M.2 | Mini-ITX | Number of PCI-X x 16 Slots 1", "image_links": ["https://cdn.idealo.com/folder/Product/202124/7/202124750/s3_produktbild_max/msi-mpg-z790i-edge-wifi.jpg", "https://cdn.idealo.com/folder/Product/202124/7/202124750/s3_produktbild_max_1/msi-mpg-z790i-edge-wifi.jpg", "https://cdn.idealo.com/folder/Product/202124/7/202124750/s3_produktbild_max_2/msi-mpg-z790i-edge-wifi.jpg", "https://cdn.idealo.com/folder/Product/202124/7/202124750/s3_produktbild_max_3/msi-mpg-z790i-edge-wifi.jpg", "https://cdn.idealo.com/folder/Product/202124/7/202124750/s3_produktbild_max_4/msi-mpg-z790i-edge-wifi.jpg", "https://cdn.idealo.com/folder/Product/202124/7/202124750/s3_produktbild_max_5/msi-mpg-z790i-edge-wifi.jpg"], "price": "286.60", "socket_type": "Socket 1700", "ram_type": "DDR5", "SATA_storage_connectors": 4, "M2_storage_connectors": 3},
{"name": "ASUS ROG Strix Z790-H Gaming WiFi", "description": "Intel Z790 | Memory Slot 4 | DDR5 | Storage Connector 4 x M.2 | ATX | Number of PCI-X x 16 Slots 2", "image_links": ["https://cdn.idealo.com/folder/Product/202307/2/202307217/s3_produktbild_max/asus-rog-strix-z790-h-gaming-wifi.jpg", "https://cdn.idealo.com/folder/Product/202307/2/202307217/s3_produktbild_max_1/asus-rog-strix-z790-h-gaming-wifi.jpg", "https://cdn.idealo.com/folder/Product/202307/2/202307217/s3_produktbild_max_2/asus-rog-strix-z790-h-gaming-wifi.jpg", "https://cdn.idealo.com/folder/Product/202307/2/202307217/s3_produktbild_max_3/asus-rog-strix-z790-h-gaming-wifi.jpg", "https://cdn.idealo.com/folder/Product/202307/2/202307217/s3_produktbild_max_4/asus-rog-strix-z790-h-gaming-wifi.jpg", "https://cdn.idealo.com/folder/Product/202307/2/202307217/s3_produktbild_max_5/asus-rog-strix-z790-h-gaming-wifi.jpg", "https://cdn.idealo.com/folder/Product/202307/2/202307217/s3_produktbild_max_6/asus-rog-strix-z790-h-gaming-wifi.jpg", "https://cdn.idealo.com/folder/Product/202307/2/202307217/s3_produktbild_max_7/asus-rog-strix-z790-h-gaming-wifi.jpg", "https://cdn.idealo.com/folder/Product/202307/2/202307217/s3_produktbild_max_8/asus-rog-strix-z790-h-gaming-wifi.jpg", "https://cdn.idealo.com/folder/Product/202307/2/202307217/s3_produktbild_max_9/asus-rog-strix-z790-h-gaming-wifi.jpg", "https://cdn.idealo.com/folder/Product/202307/2/202307217/s3_produktbild_max_10/asus-rog-strix-z790-h-gaming-wifi.jpg", "https://cdn.idealo.com/folder/Product/202307/2/202307217/s3_produktbild_max_11/asus-rog-strix-z790-h-gaming-wifi.jpg"], "price": "230.51", "socket_type": "Socket 1700", "ram_type": "DDR5", "SATA_storage_connectors": 4, "M2_storage_connectors": 4},
{"name": "GigaByte B550M Aorus Elite AX", "description": "Memory Slot 4 | DDR4 | Storage Connector 2 x M.2 | Micro ATX | Number of PCI-X x 16 Slots 2", "image_links": ["https://cdn.idealo.com/folder/Product/204374/3/204374371/s3_produktbild_max/gigabyte-b550m-aorus-elite-ax.jpg", "https://cdn.idealo.com/folder/Product/204374/3/204374371/s3_produktbild_max_1/gigabyte-b550m-aorus-elite-ax.jpg", "https://cdn.idealo.com/folder/Product/204374/3/204374371/s3_produktbild_max_2/gigabyte-b550m-aorus-elite-ax.jpg", "https://cdn.idealo.com/folder/Product/204374/3/204374371/s3_produktbild_max_3/gigabyte-b550m-aorus-elite-ax.jpg", "https://cdn.idealo.com/folder/Product/204374/3/204374371/s3_produktbild_max_4/gigabyte-b550m-aorus-elite-ax.jpg"], "price": "95.19", "socket_type": "Socket AM4", "ram_type": "DDR4", "SATA_storage_connectors": 4, "M2_storage_connectors": 2},
{"name": "ASRock H510M-H2/M.2 SE", "description": "Memory Slot 2 | DDR4 | Storage Connector 4 x S-ATA3 600 | Micro ATX | Number of PCI-X x 16 Slots 1", "image_links": ["https://cdn.idealo.com/folder/Product/203688/8/203688817/s3_produktbild_max/asrock-h510m-h2-m-2-se.jpg", "https://cdn.idealo.com/folder/Product/203688/8/203688817/s3_produktbild_max_1/asrock-h510m-h2-m-2-se.jpg", "https://cdn.idealo.com/folder/Product/203688/8/203688817/s3_produktbild_max_2/asrock-h510m-h2-m-2-se.jpg", "https://cdn.idealo.com/folder/Product/203688/8/203688817/s3_produktbild_max_3/asrock-h510m-h2-m-2-se.jpg", "https://cdn.idealo.com/folder/Product/203688/8/203688817/s3_produktbild_max_4/asrock-h510m-h2-m-2-se.jpg"], "price": "56.80", "socket_type": "Socket 1200", "ram_type": "DDR4", "SATA_storage_connectors": 4, "M2_storage_connectors": 0},
{"name": "MSI B650M Project Zero", "description": "AMD B650 | Memory Slot 4 | DDR5 | Storage Connector 2 x M.2 | Micro ATX | Number of PCI-X x 16 Slots 1", "image_links": ["https://cdn.idealo.com/folder/Product/203769/7/203769745/s3_produktbild_max/msi-b650m-project-zero.jpg", "https://cdn.idealo.com/folder/Product/203769/7/203769745/s3_produktbild_max_1/msi-b650m-project-zero.jpg", "https://cdn.idealo.com/folder/Product/203769/7/203769745/s3_produktbild_max_2/msi-b650m-project-zero.jpg", "https://cdn.idealo.com/folder/Product/203769/7/203769745/s3_produktbild_max_3/msi-b650m-project-zero.jpg", "https://cdn.idealo.com/folder/Product/203769/7/203769745/s3_produktbild_max_4/msi-b650m-project-zero.jpg", "https://cdn.idealo.com/folder/Product/203769/7/203769745/s3_produktbild_max_5/msi-b650m-project-zero.jpg"], "price": "209.00", "socket_type": "Socket AM5", "ram_type": "DDR5", "SATA_storage_connectors": 4, "M2_storage_connectors": 2},
{"name": "ASUS ROG Maximus Z890 Extreme", "description": "Memory Slot 4 | DDR5 | Storage Connector 4 x S-ATA3 600 | E-ATX | Number of PCI-X x 16 Slots 2", "image_links": ["https://cdn.idealo.com/folder/Product/204946/6/204946644/s3_produktbild_max/asus-rog-maximus-z890-extreme.jpg", "https://cdn.idealo.com/folder/Product/204946/6/204946644/s3_produktbild_max_1/asus-rog-maximus-z890-extreme.jpg", "https://cdn.idealo.com/folder/Product/204946/6/204946644/s3_produktbild_max_2/asus-rog-maximus-z890-extreme.jpg", "https://cdn.idealo.com/folder/Product/204946/6/204946644/s3_produktbild_max_3/asus-rog-maximus-z890-extreme.jpg", "https://cdn.idealo.com/folder/Product/204946/6/204946644/s3_produktbild_max_4/asus-rog-maximus-z890-extreme.jpg", "https://cdn.idealo.com/folder/Product/204946/6/204946644/s3_produktbild_max_5/asus-rog-maximus-z890-extreme.jpg", "https://cdn.idealo.com/folder/Product/204946/6/204946644/s3_produktbild_max_6/asus-rog-maximus-z890-extreme.jpg", "https://cdn.idealo.com/folder/Product/204946/6/204946644/s3_produktbild_max_7/asus-rog-maximus-z890-extreme.jpg"], "price": "1138.36", "socket_type": "Socket 1851", "ram_type": "DDR5", "SATA_storage_connectors": 4, "M2_storage_connectors": 6},
{"name": "GigaByte X870E Aorus Pro", "description": "AMD X870E | Memory Slot 4 | DDR5 | Storage Connector 4 x S-ATA3 600 | ATX | Number of PCI-X x 16 Slots 3", "image_links": ["https://cdn.idealo.com/folder/Product/204867/5/204867560/s3_produktbild_max/gigabyte-x870e-aorus-pro.jpg", "https://cdn.idealo.com/folder/Product/204867/5/204867560/s3_produktbild_max_1/gigabyte-x870e-aorus-pro.jpg", "https://cdn.idealo.com/folder/Product/204867/5/204867560/s3_produktbild_max_2/gigabyte-x870e-aorus-pro.jpg", "https://cdn.idealo.com/folder/Product/204867/5/204867560/s3_produktbild_max_3/gigabyte-x870e-aorus-pro.jpg", "https://cdn.idealo.com/folder/Product/204867/5/204867560/s3_produktbild_max_4/gigabyte-x870e-aorus-pro.jpg"], "price": "327.99", "socket_type": "Socket AM5", "ram_type": "DDR5", "SATA_storage_connectors": 4, "M2_storage_connectors": 4},
{"name": "ASUS ROG Strix B650E-F Gaming WiFi", "description": "AMD B650E | Memory Slot 4 | DDR5 | Storage Connector 4 x S-ATA3 600 | ATX | Number of PCI-X x 16 Slots 2", "image_links": ["https://cdn.idealo.com/folder/Product/202140/3/202140312/s3_produktbild_max/asus-rog-strix-b650e-f-gaming-wifi.jpg", "https://cdn.idealo.com/folder/Product/202140/3/202140312/s3_produktbild_max_1/asus-rog-strix-b650e-f-gaming-wifi.jpg", "https://cdn.idealo.com/folder/Product/202140/3/202140312/s3_produktbild_max_2/asus-rog-strix-b650e-f-gaming-wifi.jpg", "https://cdn.idealo.com/folder/Product/202140/3/202140312/s3_produktbild_max_3/asus-rog-strix-b650e-f-gaming-wifi.jpg", "https://cdn.idealo.com/folder/Product/202140/3/202140312/s3_produktbild_max_4/asus-rog-strix-b650e-f-gaming-wifi.jpg", "https://cdn.idealo.com/folder/Product/202140/3/202140312/s3_produktbild_max_5/asus-rog-strix-b650e-f-gaming-wifi.jpg", "https://cdn.idealo.com/folder/Product/202140/3/202140312/s3_produktbild_max_6/asus-rog-strix-b650e-f-gaming-wifi.jpg", "https://cdn.idealo.com/folder/Product/202140/3/202140312/s3_produktbild_max_7/asus-rog-strix-b650e-f-gaming-wifi.jpg", "https://cdn.idealo.com/folder/Product/202140/3/202140312/s3_produktbild_max_8/asus-rog-strix-b650e-f-gaming-wifi.jpg", "https://cdn.idealo.com/folder/Product/202140/3/202140312/s3_produktbild_max_9/asus-rog-strix-b650e-f-gaming-wifi.jpg", "https://cdn.idealo.com/folder/Product/202140/3/202140312/s3_produktbild_max_10/asus-rog-strix-b650e-f-gaming-wifi.jpg"], "price": "205.99", "socket_type": "Socket AM5", "ram_type": "DDR5", "SATA_storage_connectors": 4, "M2_storage_connectors": 3},
{"name": "GigaByte B850I Aorus Pro", "description": "Memory Slot 2 | DDR5 | Storage Connector 2 x M.2 | Mini-ITX | Number of PCI-X x 16 Slots 1", "image_links": ["https://cdn.idealo.com/folder/Product/205563/8/205563824/s3_produktbild_max/gigabyte-b850i-aorus-pro.jpg", "https://cdn.idealo.com/folder/Product/205563/8/205563824/s3_produktbild_max_1/gigabyte-b850i-aorus-pro.jpg", "https://cdn.idealo.com/folder/Product/205563/8/205563824/s3_produktbild_max_2/gigabyte-b850i-aorus-pro.jpg", "https://cdn.idealo.com/folder/Product/205563/8/205563824/s3_produktbild_max_3/gigabyte-b850i-aorus-pro.jpg", "https://cdn.idealo.com/folder/Product/205563/8/205563824/s3_produktbild_max_4/gigabyte-b850i-aorus-pro.jpg", "https://cdn.idealo.com/folder/Product/205563/8/205563824/s3_produktbild_max_5/gigabyte-b850i-aorus-pro.jpg"], "price": "225.48", "socket_type": "Socket AM5", "ram_type": "DDR5", "SATA_storage_connectors": 2, "M2_storage_connectors": 2},
{"name": "ASRock B850 Pro RS WiFi", "description": "Memory Slot 4 | DDR5 | Storage Connector 4 x M.2 | ATX | Number of PCI-X x 16 Slots 2", "image_links": ["https://cdn.idealo.com/folder/Product/205585/4/205585440/s3_produktbild_max/b850-pro-rs-wifi.jpg", "https://cdn.idealo.com/folder/Product/205585/4/205585440/s3_produktbild_max_1/b850-pro-rs-wifi.jpg", "https://cdn.idealo.com/folder/Product/205585/4/205585440/s3_produktbild_max_2/b850-pro-rs-wifi.jpg", "https://cdn.idealo.com/folder/Product/205585/4/205585440/s3_produktbild_max_3/b850-pro-rs-wifi.jpg", "https://cdn.idealo.com/folder/Product/205585/4/205585440/s3_produktbild_max_4/b850-pro-rs-wifi.jpg", "https://cdn.idealo.com/folder/Product/205585/4/205585440/s3_produktbild_max_5/b850-pro-rs-wifi.jpg"], "price": "183.97", "socket_type": "Socket AM5", "ram_type": "DDR5", "SATA_storage_connectors": 4, "M2_storage_connectors": 4},
{"name": "ASUS Prime B450M-A II", "description": "AMD B450 | Memory Slot 4 | DDR4 | Storage Connector 6 x S-ATA3 600 | Micro ATX | Number of PCI-X x 16 Slots 1", "image_links": ["https://cdn.idealo.com/folder/Product/200838/5/200838524/s3_produktbild_max/asus-prime-b450m-a-ii.jpg", "https://cdn.idealo.com/folder/Product/200838/5/200838524/s3_produktbild_max_1/asus-prime-b450m-a-ii.jpg", "https://cdn.idealo.com/folder/Product/200838/5/200838524/s3_produktbild_max_2/asus-prime-b450m-a-ii.jpg", "https://cdn.idealo.com/folder/Product/200838/5/200838524/s3_produktbild_max_3/asus-prime-b450m-a-ii.jpg", "https://cdn.idealo.com/folder/Product/200838/5/200838524/s3_produktbild_max_4/asus-prime-b450m-a-ii.jpg", "https://cdn.idealo.com/folder/Product/200838/5/200838524/s3_produktbild_max_5/asus-prime-b450m-a-ii.jpg", "https://cdn.idealo.com/folder/Product/200838/5/200838524/s3_produktbild_max_6/asus-prime-b450m-a-ii.jpg", "https://cdn.idealo.com/folder/Product/200838/5/200838524/s3_produktbild_max_7/asus-prime-b450m-a-ii.jpg"], "price": "70.87", "socket_type": "Socket AM4", "ram_type": "DDR4", "SATA_storage_connectors": 6, "M2_storage_connectors": 1},
{"name": "GigaByte B550I Aorus Pro AX", "description": "Memory Slot 2 | DDR4 | Storage Connector 2 x M.2 | Mini-ITX | Number of PCI-X x 16 Slots 1", "image_links": ["https://cdn.idealo.com/folder/Product/200411/5/200411525/s3_produktbild_max/gigabyte-b550i-aorus-pro-ax.jpg", "https://cdn.idealo.com/folder/Product/200411/5/200411525/s3_produktbild_max_1/gigabyte-b550i-aorus-pro-ax.jpg", "https://cdn.idealo.com/folder/Product/200411/5/200411525/s3_produktbild_max_2/gigabyte-b550i-aorus-pro-ax.jpg", "https://cdn.idealo.com/folder/Product/200411/5/200411525/s3_produktbild_max_3/gigabyte-b550i-aorus-pro-ax.jpg", "https://cdn.idealo.com/folder/Product/200411/5/200411525/s3_produktbild_max_4/gigabyte-b550i-aorus-pro-ax.jpg"], "price": "123.93", "socket_type": "Socket AM4", "ram_type": "DDR4", "SATA_storage_connectors": 4, "M2_storage_connectors": 2},
{"name": "ASRock B650M-HDV/M.2", "description": "AMD B650 | Memory Slot 2 | DDR5 | Storage Connector 1 x Hyper M.2 | Micro ATX | Number of PCI-X x 16 Slots 2", "image_links": ["https://cdn.idealo.com/folder/Product/202620/4/202620472/s3_produktbild_max/asrock-b650m-hdv-m-2.jpg", "https://cdn.idealo.com/folder/Product/202620/4/202620472/s3_produktbild_max_1/asrock-b650m-hdv-m-2.jpg", "https://cdn.idealo.com/folder/Product/202620/4/202620472/s3_produktbild_max_2/asrock-b650m-hdv-m-2.jpg", "https://cdn.idealo.com/folder/Product/202620/4/202620472/s3_produktbild_max_3/asrock-b650m-hdv-m-2.jpg", "https://cdn.idealo.com/folder/Product/202620/4/202620472/s3_produktbild_max_4/asrock-b650m-hdv-m-2.jpg", "https://cdn.idealo.com/folder/Product/202620/4/202620472/s3_produktbild_max_5/asrock-b650m-hdv-m-2.jpg"], "price": "94.35", "socket_type": "Socket AM5", "ram_type": "DDR5", "SATA_storage_connectors": 4, "M2_storage_connectors": 0},
{"name": "ASUS TUF Gaming B850-Plus WiFi", "description": "Memory Slot 4 | DDR5 | Storage Connector 4 x S-ATA3 600 | ATX | Number of PCI-X x 16 Slots 2", "image_links": ["https://cdn.idealo.com/folder/Product/205562/1/205562175/s3_produktbild_max/asus-tuf-gaming-b850-plus-wifi.jpg", "https://cdn.idealo.com/folder/Product/205562/1/205562175/s3_produktbild_max_1/asus-tuf-gaming-b850-plus-wifi.jpg", "https://cdn.idealo.com/folder/Product/205562/1/205562175/s3_produktbild_max_2/asus-tuf-gaming-b850-plus-wifi.jpg", "https://cdn.idealo.com/folder/Product/205562/1/205562175/s3_produktbild_max_3/asus-tuf-gaming-b850-plus-wifi.jpg", "https://cdn.idealo.com/folder/Product/205562/1/205562175/s3_produktbild_max_4/asus-tuf-gaming-b850-plus-wifi.jpg", "https://cdn.idealo.com/folder/Product/205562/1/205562175/s3_produktbild_max_5/asus-tuf-gaming-b850-plus-wifi.jpg", "https://cdn.idealo.com/folder/Product/205562/1/205562175/s3_produktbild_max_6/asus-tuf-gaming-b850-plus-wifi.jpg", "https://cdn.idealo.com/folder/Product/205562/1/205562175/s3_produktbild_max_7/asus-tuf-gaming-b850-plus-wifi.jpg", "https://cdn.idealo.com/folder/Product/205562/1/205562175/s3_produktbild_max_8/asus-tuf-gaming-b850-plus-wifi.jpg", "https://cdn.idealo.com/folder/Product/205562/1/205562175/s3_produktbild_max_9/asus-tuf-gaming-b850-plus-wifi.jpg", "https://cdn.idealo.com/folder/Product/205562/1/205562175/s3_produktbild_max_10/asus-tuf-gaming-b850-plus-wifi.jpg", "https://cdn.idealo.com/folder/Product/205562/1/205562175/s3_produktbild_max_11/asus-tuf-gaming-b850-plus-wifi.jpg", "https://cdn.idealo.com/folder/Product/205562/1/205562175/s3_produktbild_max_12/asus-tuf-gaming-b850-plus-wifi.jpg"], "price": "249.98", "socket_type": "Socket AM5", "ram_type": "DDR5", "SATA_storage_connectors": 4, "M2_storage_connectors": 3},
{"name": "GigaByte B650 Eagle AX", "description": "AMD B650 | Memory Slot 4 | DDR5 | Storage Connector 4 x S-ATA3 600 | ATX | Number of PCI-X x 16 Slots 4", "image_links": ["https://cdn.idealo.com/folder/Product/203796/6/203796684/s3_produktbild_max/gigabyte-b650-eagle-ax.jpg", "https://cdn.idealo.com/folder/Product/203796/6/203796684/s3_produktbild_max_1/gigabyte-b650-eagle-ax.jpg", "https://cdn.idealo.com/folder/Product/203796/6/203796684/s3_produktbild_max_2/gigabyte-b650-eagle-ax.jpg", "https://cdn.idealo.com/folder/Product/203796/6/203796684/s3_produktbild_max_3/gigabyte-b650-eagle-ax.jpg", "https://cdn.idealo.com/folder/Product/203796/6/203796684/s3_produktbild_max_4/gigabyte-b650-eagle-ax.jpg", "https://cdn.idealo.com/folder/Product/203796/6/203796684/s3_produktbild_max_5/gigabyte-b650-eagle-ax.jpg"], "price": "122.50", "socket_type": "Socket AM5", "ram_type": "DDR5", "SATA_storage_connectors": 4, "M2_storage_connectors": 3},
{"name": "GigaByte B650 Gaming X AX V2", "description": "AMD B650 | Memory Slot 4 | DDR5 | Storage Connector 4 x S-ATA3 600 | ATX | Number of PCI-X x 16 Slots 3", "image_links": ["https://cdn.idealo.com/folder/Product/203807/8/203807887/s3_produktbild_max/gigabyte-b650-gaming-x-ax-v2.jpg", "https://cdn.idealo.com/folder/Product/203807/8/203807887/s3_produktbild_max_1/gigabyte-b650-gaming-x-ax-v2.jpg", "https://cdn.idealo.com/folder/Product/203807/8/203807887/s3_produktbild_max_2/gigabyte-b650-gaming-x-ax-v2.jpg", "https://cdn.idealo.com/folder/Product/203807/8/203807887/s3_produktbild_max_3/gigabyte-b650-gaming-x-ax-v2.jpg", "https://cdn.idealo.com/folder/Product/203807/8/203807887/s3_produktbild_max_4/gigabyte-b650-gaming-x-ax-v2.jpg"], "price": "144.98", "socket_type": "Socket AM5", "ram_type": "DDR5", "SATA_storage_connectors": 4, "M2_storage_connectors": 3},
{"name": "ASUS ROG Maximus Z790 Hero", "description": "Intel Z790 | Memory Slot 4 | DDR5 | Storage Connector 5 x M.2 | ATX | Number of PCI-X x 16 Slots 3", "image_links": ["https://cdn.idealo.com/folder/Product/202121/6/202121651/s3_produktbild_max/asus-rog-maximus-z790-hero.jpg", "https://cdn.idealo.com/folder/Product/202121/6/202121651/s3_produktbild_max_1/asus-rog-maximus-z790-hero.jpg", "https://cdn.idealo.com/folder/Product/202121/6/202121651/s3_produktbild_max_2/asus-rog-maximus-z790-hero.jpg", "https://cdn.idealo.com/folder/Product/202121/6/202121651/s3_produktbild_max_3/asus-rog-maximus-z790-hero.jpg", "https://cdn.idealo.com/folder/Product/202121/6/202121651/s3_produktbild_max_4/asus-rog-maximus-z790-hero.jpg", "https://cdn.idealo.com/folder/Product/202121/6/202121651/s3_produktbild_max_5/asus-rog-maximus-z790-hero.jpg", "https://cdn.idealo.com/folder/Product/202121/6/202121651/s3_produktbild_max_6/asus-rog-maximus-z790-hero.jpg", "https://cdn.idealo.com/folder/Product/202121/6/202121651/s3_produktbild_max_7/asus-rog-maximus-z790-hero.jpg", "https://cdn.idealo.com/folder/Product/202121/6/202121651/s3_produktbild_max_8/asus-rog-maximus-z790-hero.jpg", "https://cdn.idealo.com/folder/Product/202121/6/202121651/s3_produktbild_max_9/asus-rog-maximus-z790-hero.jpg", "https://cdn.idealo.com/folder/Product/202121/6/202121651/s3_produktbild_max_10/asus-rog-maximus-z790-hero.jpg"], "price": "413.31", "socket_type": "Socket 1700", "ram_type": "DDR5", "SATA_storage_connectors": 6, "M2_storage_connectors": 5},
{"name": "GigaByte H610I", "description": "Memory Slot 2 | DDR5 | Storage Connector 4 x S-ATA3 600 | Mini-ITX | Number of PCI-X x 16 Slots 1", "image_links": ["https://cdn.idealo.com/folder/Product/204191/0/204191006/s3_produktbild_max/gigabyte-h610i.jpg", "https://cdn.idealo.com/folder/Product/204191/0/204191006/s3_produktbild_max_1/gigabyte-h610i.jpg", "https://cdn.idealo.com/folder/Product/204191/0/204191006/s3_produktbild_max_2/gigabyte-h610i.jpg", "https://cdn.idealo.com/folder/Product/204191/0/204191006/s3_produktbild_max_3/gigabyte-h610i.jpg", "https://cdn.idealo.com/folder/Product/204191/0/204191006/s3_produktbild_max_4/gigabyte-h610i.jpg"], "price": "113.21", "socket_type": "Socket 1700", "ram_type": "DDR5", "SATA_storage_connectors": 4, "M2_storage_connectors": 1},
{"name": "ASUS TUF Gaming Z790-BTF WiFi", "description": "Intel Z790 | Memory Slot 4 | DDR5 | Storage Connector 4 x M.2 | ATX | Number of PCI-X x 16 Slots 2", "image_links": ["https://cdn.idealo.com/folder/Product/203798/4/203798423/s3_produktbild_max/asus-tuf-gaming-z790-btf-wifi.jpg", "https://cdn.idealo.com/folder/Product/203798/4/203798423/s3_produktbild_max_1/asus-tuf-gaming-z790-btf-wifi.jpg", "https://cdn.idealo.com/folder/Product/203798/4/203798423/s3_produktbild_max_2/asus-tuf-gaming-z790-btf-wifi.jpg", "https://cdn.idealo.com/folder/Product/203798/4/203798423/s3_produktbild_max_3/asus-tuf-gaming-z790-btf-wifi.jpg", "https://cdn.idealo.com/folder/Product/203798/4/203798423/s3_produktbild_max_4/asus-tuf-gaming-z790-btf-wifi.jpg", "https://cdn.idealo.com/folder/Product/203798/4/203798423/s3_produktbild_max_5/asus-tuf-gaming-z790-btf-wifi.jpg", "https://cdn.idealo.com/folder/Product/203798/4/203798423/s3_produktbild_max_6/asus-tuf-gaming-z790-btf-wifi.jpg"], "price": "333.97", "socket_type": "Socket 1700", "ram_type": "DDR5", "SATA_storage_connectors": 4, "M2_storage_connectors": 4},
{"name": "GigaByte Z790 S DDR4", "description": "Intel Z790 | Memory Slot 4 | DDR4 | Storage Connector 3 x M.2 | ATX | Number of PCI-X x 16 Slots 3", "image_links": ["https://cdn.idealo.com/folder/Product/204374/3/204374318/s3_produktbild_max/gigabyte-z790-s-ddr4.jpg", "https://cdn.idealo.com/folder/Product/204374/3/204374318/s3_produktbild_max_1/gigabyte-z790-s-ddr4.jpg", "https://cdn.idealo.com/folder/Product/204374/3/204374318/s3_produktbild_max_2/gigabyte-z790-s-ddr4.jpg", "https://cdn.idealo.com/folder/Product/204374/3/204374318/s3_produktbild_max_3/gigabyte-z790-s-ddr4.jpg", "https://cdn.idealo.com/folder/Product/204374/3/204374318/s3_produktbild_max_4/gigabyte-z790-s-ddr4.jpg"], "price": "123.92", "socket_type": "Socket 1700", "ram_type": "DDR4", "SATA_storage_connectors": 4, "M2_storage_connectors": 3},
{"name": "GigaByte B850 Aorus Elite WiFi7", "description": "Memory Slot 4 | DDR5 | Storage Connector 4 x S-ATA3 600 | ATX | Number of PCI-X x 16 Slots 3", "image_links": ["https://cdn.idealo.com/folder/Product/205567/7/205567784/s3_produktbild_max/gigabyte-b850-aorus-elite-wifi7.jpg", "https://cdn.idealo.com/folder/Product/205567/7/205567784/s3_produktbild_max_1/gigabyte-b850-aorus-elite-wifi7.jpg", "https://cdn.idealo.com/folder/Product/205567/7/205567784/s3_produktbild_max_2/gigabyte-b850-aorus-elite-wifi7.jpg", "https://cdn.idealo.com/folder/Product/205567/7/205567784/s3_produktbild_max_3/gigabyte-b850-aorus-elite-wifi7.jpg", "https://cdn.idealo.com/folder/Product/205567/7/205567784/s3_produktbild_max_4/gigabyte-b850-aorus-elite-wifi7.jpg"], "price": "209.03", "socket_type": "Socket AM5", "ram_type": "DDR5", "SATA_storage_connectors": 4, "M2_storage_connectors": 3},
{"name": "ASRock B550 PG Riptide", "description": "Memory Slot 4 | DDR4 | Storage Connector 6 x S-ATA3 600 | ATX | Number of PCI-X x 16 Slots 3", "image_links": ["https://cdn.idealo.com/folder/Product/201565/9/201565982/s3_produktbild_max/asrock-b550-pg-riptide.jpg", "https://cdn.idealo.com/folder/Product/201565/9/201565982/s3_produktbild_max_1/asrock-b550-pg-riptide.jpg", "https://cdn.idealo.com/folder/Product/201565/9/201565982/s3_produktbild_max_2/asrock-b550-pg-riptide.jpg", "https://cdn.idealo.com/folder/Product/201565/9/201565982/s3_produktbild_max_3/asrock-b550-pg-riptide.jpg", "https://cdn.idealo.com/folder/Product/201565/9/201565982/s3_produktbild_max_4/asrock-b550-pg-riptide.jpg", "https://cdn.idealo.com/folder/Product/201565/9/201565982/s3_produktbild_max_5/asrock-b550-pg-riptide.jpg", "https://cdn.idealo.com/folder/Product/201565/9/201565982/s3_produktbild_max_6/asrock-b550-pg-riptide.jpg", "https://cdn.idealo.com/folder/Product/201565/9/201565982/s3_produktbild_max_7/asrock-b550-pg-riptide.jpg"], "price": "110.99", "socket_type": "Socket AM4", "ram_type": "DDR4", "SATA_storage_connectors": 6, "M2_storage_connectors": 0},
{"name": "MSI Pro B650-S WiFi", "description": "AMD B650 | Memory Slot 4 | DDR5 | Storage Connector 2 x M.2 | ATX | Number of PCI-X x 16 Slots 2", "image_links": ["https://cdn.idealo.com/folder/Product/203290/3/203290330/s3_produktbild_max/msi-pro-b650-s-wifi.jpg", "https://cdn.idealo.com/folder/Product/203290/3/203290330/s3_produktbild_max_1/msi-pro-b650-s-wifi.jpg", "https://cdn.idealo.com/folder/Product/203290/3/203290330/s3_produktbild_max_2/msi-pro-b650-s-wifi.jpg", "https://cdn.idealo.com/folder/Product/203290/3/203290330/s3_produktbild_max_3/msi-pro-b650-s-wifi.jpg", "https://cdn.idealo.com/folder/Product/203290/3/203290330/s3_produktbild_max_4/msi-pro-b650-s-wifi.jpg"], "price": "125.22", "socket_type": "Socket AM5", "ram_type": "DDR5", "SATA_storage_connectors": 4, "M2_storage_connectors": 2}
]