[
{"name": "Corsair Vengeance 32GB Kit DDR5-6000 CL30 (CMK32GX5M2B6000Z30)", "description": "Memory Capacity 32 GB | Memory Kit Type 2 x 16 GB | Bus Clock Speed 6,000 MHz | Specification PC5-48.000 | Memory Latency CL 30-36-36-76 | Voltage 1.4 V | Design DIMM", "image_links": ["https://cdn.idealo.com/folder/Product/203094/9/203094996/s3_produktbild_max/corsair-vengeance-32gb-kit-ddr5-6000-cl30-cmk32gx5m2b6000z30.jpg", "https://cdn.idealo.com/folder/Product/203094/9/203094996/s3_produktbild_max_1/corsair-vengeance-32gb-kit-ddr5-6000-cl30-cmk32gx5m2b6000z30.jpg", "https://cdn.idealo.com/folder/Product/203094/9/203094996/s3_produktbild_max_2/corsair-vengeance-32gb-kit-ddr5-6000-cl30-cmk32gx5m2b6000z30.jpg"], "price": "97.82", "ram_type": "DDR5", "specifications": "{\"Name\": {\"Product Type\": \"DDR5 RAM\", \"Series\": \"Corsair Vengeance\", \"Colour\": \"Grey\"}, \"Additional Information\": {\"Memory Capacity\": \"32 GB\", \"Memory Kit Type\": \"2 x 16 GB\", \"Bus Clock Speed\": \"6,000 MHz\", \"Specification\": \"PC5-48.000\", \"Memory Latency\": \"CL 30-36-36-76\", \"Latency\": \"CL 30\", \"Voltage\": \"1.4 V\", \"Features\": \"EXPO / Heatsink\", \"Packaging\": \"Dual-Kit\", \"Design\": \"DIMM\", \"Form Factor\": \"288-PIN\", \"RAM Operation Mode\": \"Dual-Channel\", \"\": null}}"},
{"name": "Crucial 32GB DDR5-4800 SODIMM (CT32G48C40S5)", "description": "Memory Capacity 32 GB | Memory Kit Type 1 x 32 GB | Bus Clock Speed 4,800 MHz | Specification PC5-38.400 | Memory Latency CL 40-39-39 | Voltage 1.1 V | Design SO-DIMM", "image_links": ["https://cdn.idealo.com/folder/Product/201869/5/201869599/s3_produktbild_gross/crucial-32gb-ddr5-4800-sodimm-ct32g48c40s5.jpg"], "price": "59.97", "ram_type": "DDR5", "specifications": "{\"Name\": {\"Product Type\": \"DDR5 RAM\", \"Colour\": \"Black\"}, \"Additional Information\": {\"Memory Capacity\": \"32 GB\", \"Memory Kit Type\": \"1 x 32 GB\", \"Bus Clock Speed\": \"4,800 MHz\", \"Specification\": \"PC5-38.400\", \"Memory Latency\": \"CL 40-39-39\", \"Latency\": \"CL 40\", \"Voltage\": \"1.1 V\", \"Packaging\": \"Single-Kit\", \"Design\": \"SO-DIMM\"}}"},
{"name": "Corsair Vengeance RGB 32GB Kit DDR5-6000 CL30 (CMH32GX5M2B6000Z30K)", "description": "Memory Capacity 32 GB | Memory Kit Type 2 x 16 GB | Bus Clock Speed 6,000 MHz | Specification PC5-48.000 | Memory Latency CL 30-36-36-76 | Voltage 1.4 V | Design DIMM | Height 44 mm", "image_links": ["https://cdn.idealo.com/folder/Product/202249/5/202249571/s3_produktbild_max/corsair-vengeance-rgb-32gb-kit-ddr5-6000-cl30-cmh32gx5m2b6000z30k.jpg", "https://cdn.idealo.com/folder/Product/202249/5/202249571/s3_produktbild_max_1/corsair-vengeance-rgb-32gb-kit-ddr5-6000-cl30-cmh32gx5m2b6000z30k.jpg"], "price": "99.95", "ram_type": "DDR5", "specifications": "{\"Name\": {\"Product Type\": \"DDR5 RAM\", \"Series\": \"Corsair Vengeance RGB\", \"Colour\": \"Black\"}, \"Additional Information\": {\"Memory Capacity\": \"32 GB\", \"Memory Kit Type\": \"2 x 16 GB\", \"Bus Clock Speed\": \"6,000 MHz\", \"Specification\": \"PC5-48.000\", \"Memory Latency\": \"CL 30-36-36-76\", \"Latency\": \"CL 30\", \"Voltage\": \"1.4 V\", \"Features\": \"EXPO / Heatsink, LED\", \"Packaging\": \"Dual-Kit\", \"Design\": \"DIMM\", \"Form Factor\": \"288-PIN\", \"RAM Operation Mode\": \"Dual-Channel\", \"Width\": \"135 mm\", \"Height\": \"44 mm\", \"\": null}}"},
{"name": "G.Skill Trident Z5 Neo RGB 32GB Kit DDR5-6000 CL30 (F5-6000J3038F16GX2-TZ5NR)", "description": "Memory Capacity 32 GB | Memory Kit Type 2 x 16 GB | Bus Clock Speed 6,000 MHz | Specification PC5-48.000 | Memory Latency CL 30-38-38-96 | Voltage 1.35 V | Design DIMM | Height 33 mm", "image_links": ["https://cdn.idealo.com/folder/Product/202133/0/202133093/s3_produktbild_max/g-skill-trident-z5-neo-rgb-32gb-kit-ddr5-6000-cl30-f5-6000j3038f16gx2-tz5nr.jpg", "https://cdn.idealo.com/folder/Product/202133/0/202133093/s3_produktbild_max_1/g-skill-trident-z5-neo-rgb-32gb-kit-ddr5-6000-cl30-f5-6000j3038f16gx2-tz5nr.jpg"], "price": "108.11", "ram_type": "DDR5", "specifications": "{\"Name\": {\"Product Type\": \"DDR5 RAM\", \"Series\": \"G.Skill Trident Z5 Neo RGB\", \"Colour\": \"Black\"}, \"Additional Information\": {\"Memory Capacity\": \"32 GB\", \"Memory Kit Type\": \"2 x 16 GB\", \"Bus Clock Speed\": \"6,000 MHz\", \"Specification\": \"PC5-48.000\", \"Memory Latency\": \"CL 30-38-38-96\", \"Latency\": \"CL 30\", \"Voltage\": \"1.35 V\", \"Features\": \"EXPO / LED\", \"Packaging\": \"Dual-Kit\", \"Design\": \"DIMM\", \"Form Factor\": \"288-PIN\", \"RAM Operation Mode\": \"Dual-Channel\", \"Width\": \"133.35 mm\", \"Height\": \"33 mm\", \"\": null}}"},
{"name": "G.Skill Trident Z Neo 32GB DDR4 DDR4-3600 CL16 (F4-3600C16D-32GTZNC)", "description": "Memory Capacity 32 GB | Memory Kit Type 2 x 16 GB | Bus Clock Speed 3,600 MHz | Specification PC4-28.800 | Memory Latency CL 16-19-19-39 | Voltage 1.35 V | Design DIMM", "image_links": ["https://cdn.idealo.com/folder/Product/6721/5/6721522/s3_produktbild_max/g-skill-trident-z-neo-32gb-ddr4-ddr4-3600-cl16-f4-3600c16d-32gtznc.jpg", "https://cdn.idealo.com/folder/Product/6721/5/6721522/s3_produktbild_max_1/g-skill-trident-z-neo-32gb-ddr4-ddr4-3600-cl16-f4-3600c16d-32gtznc.jpg", "https://cdn.idealo.com/folder/Product/6721/5/6721522/s3_produktbild_max_2/g-skill-trident-z-neo-32gb-ddr4-ddr4-3600-cl16-f4-3600c16d-32gtznc.jpg", "https://cdn.idealo.com/folder/Product/6721/5/6721522/s3_produktbild_max_3/g-skill-trident-z-neo-32gb-ddr4-ddr4-3600-cl16-f4-3600c16d-32gtznc.jpg", "https://cdn.idealo.com/folder/Product/6721/5/6721522/s3_produktbild_max_4/g-skill-trident-z-neo-32gb-ddr4-ddr4-3600-cl16-f4-3600c16d-32gtznc.jpg", "https://cdn.idealo.com/folder/Product/6721/5/6721522/s3_produktbild_max_5/g-skill-trident-z-neo-32gb-ddr4-ddr4-3600-cl16-f4-3600c16d-32gtznc.jpg", "https://cdn.idealo.com/folder/Product/6721/5/6721522/s3_produktbild_max_6/g-skill-trident-z-neo-32gb-ddr4-ddr4-3600-cl16-f4-3600c16d-32gtznc.jpg", "https://cdn.idealo.com/folder/Product/6721/5/6721522/s3_produktbild_max_7/g-skill-trident-z-neo-32gb-ddr4-ddr4-3600-cl16-f4-3600c16d-32gtznc.jpg", "https://cdn.idealo.com/folder/Product/6721/5/6721522/s3_produktbild_max_8/g-skill-trident-z-neo-32gb-ddr4-ddr4-3600-cl16-f4-3600c16d-32gtznc.jpg"], "price": "80.75", "ram_type": "DDR4", "specifications": "{\"Name\": {\"Product Type\": \"DDR4 RAM\", \"Series\": \"G.Skill Trident Z Neo\", \"Colours\": \"Black, Silver\"}, \"Additional Information\": {\"Memory Capacity\": \"32 GB\", \"Memory Kit Type\": \"2 x 16 GB\", \"Bus Clock Speed\": \"3,600 MHz\", \"Specification\": \"PC4-28.800\", \"Memory Latency\": \"CL 16-19-19-39\", \"Latency\": \"CL 16\", \"Voltage\": \"1.35 V\", \"Features\": \"XMP / Heatsink, LED\", \"Packaging\": \"Dual-Kit\", \"Design\": \"DIMM\", \"Form Factor\": \"288-PIN\", \"RAM Operation Mode\": \"Dual-Channel\", \"\": null}}"},
{"name": "G.Skill Trident Z5 RGB 64GB Kit DDR5-6400 CL32 F5-6400J3239G32GX2-TZ5RK", "description": "Memory Capacity 64 GB | Memory Kit Type 2 x 32 GB | Bus Clock Speed 6,400 MHz | Specification PC5-51.200 | Memory Latency CL 32-39-39-102 | Voltage 1.4 V | Design DIMM", "image_links": ["https://cdn.idealo.com/folder/Product/202164/8/202164866/s3_produktbild_max/g-skill-trident-z5-rgb-64gb-kit-ddr5-6400-cl32-f5-6400j3239g32gx2-tz5rk.jpg", "https://cdn.idealo.com/folder/Product/202164/8/202164866/s3_produktbild_max_1/g-skill-trident-z5-rgb-64gb-kit-ddr5-6400-cl32-f5-6400j3239g32gx2-tz5rk.jpg", "https://cdn.idealo.com/folder/Product/202164/8/202164866/s3_produktbild_max_2/g-skill-trident-z5-rgb-64gb-kit-ddr5-6400-cl32-f5-6400j3239g32gx2-tz5rk.jpg", "https://cdn.idealo.com/folder/Product/202164/8/202164866/s3_produktbild_max_3/g-skill-trident-z5-rgb-64gb-kit-ddr5-6400-cl32-f5-6400j3239g32gx2-tz5rk.jpg"], "price": "220.99", "ram_type": "DDR5", "specifications": "{\"Name\": {\"Product Type\": \"DDR5 RAM\", \"Series\": \"G.Skill Trident Z5 RGB\", \"Colour\": \"Black\"}, \"Additional Information\": {\"Memory Capacity\": \"64 GB\", \"Memory Kit Type\": \"2 x 32 GB\", \"Bus Clock Speed\": \"6,400 MHz\", \"Specification\": \"PC5-51.200\", \"Memory Latency\": \"CL 32-39-39-102\", \"Latency\": \"CL 32\", \"Voltage\": \"1.4 V\", \"Features\": \"XMP / Heatsink, LED\", \"Packaging\": \"Dual-Kit\", \"Design\": \"DIMM\", \"Form Factor\": \"288-PIN\", \"RAM Operation Mode\": \"Dual-Channel\", \"\": null}}"},
{"name": "Kingston FURY Beast 16GB Dual-Kit DDR4-3200 CL16 (KF432C16BBK2/16)", "description": "Memory Capacity 16 GB | Memory Kit Type 2 x 8 GB | Bus Clock Speed 3,200 MHz | Specification PC4-25.600 | Memory Latency CL 16-18-18 | Voltage 1.35 V | Design DIMM | Height 34 mm", "image_links": ["https://cdn.idealo.com/folder/Product/201522/9/201522900/s3_produktbild_max/kingston-fury-beast-16gb-dual-kit-ddr4-3200-cl16-kf432c16bbk2-16.jpg", "https://cdn.idealo.com/folder/Product/201522/9/201522900/s3_produktbild_max_1/kingston-fury-beast-16gb-dual-kit-ddr4-3200-cl16-kf432c16bbk2-16.jpg"], "price": "26.99", "ram_type": "DDR4", "specifications": "{\"Name\": {\"Product Type\": \"DDR4 RAM\", \"Series\": \"Kingston FURY Beast\", \"Colour\": \"Black\"}, \"Additional Information\": {\"Memory Capacity\": \"16 GB\", \"Memory Kit Type\": \"2 x 8 GB\", \"Bus Clock Speed\": \"3,200 MHz\", \"Specification\": \"PC4-25.600\", \"Memory Latency\": \"CL 16-18-18\", \"Latency\": \"CL 16\", \"Voltage\": \"1.35 V\", \"Features\": \"XMP / Heatsink\", \"Packaging\": \"Dual-Kit\", \"Design\": \"DIMM\", \"Form Factor\": \"288-PIN\", \"Width\": \"133.35 mm\", \"Height\": \"34 mm\", \"\": null}}"},
{"name": "Crucial 96GB Kit DDR5-5600 CL46 (CT2K48G56C46S5)", "description": "Memory Capacity 96 GB | Memory Kit Type 2 x 48 GB | Bus Clock Speed 5,600 MHz | Specification PC5-44.800 | Memory Latency CL 46-45-45 | Voltage 1.1 V | Design SO-DIMM | Height 30 mm", "image_links": ["https://cdn.idealo.com/folder/Product/203077/4/203077458/s3_produktbild_max/crucial-96gb-kit-ddr5-5600-cl46-ct2k48g56c46s5.jpg", "https://cdn.idealo.com/folder/Product/203077/4/203077458/s3_produktbild_max_1/crucial-96gb-kit-ddr5-5600-cl46-ct2k48g56c46s5.jpg"], "price": "160.46", "ram_type": "DDR5", "specifications": "{\"Name\": {\"Product Type\": \"DDR5 RAM\", \"Colour\": \"Black\"}, \"Additional Information\": {\"Memory Capacity\": \"96 GB\", \"Memory Kit Type\": \"2 x 48 GB\", \"Bus Clock Speed\": \"5,600 MHz\", \"Specification\": \"PC5-44.800\", \"Memory Latency\": \"CL 46-45-45\", \"Latency\": \"CL 46\", \"Voltage\": \"1.1 V\", \"Packaging\": \"Dual-Kit\", \"Design\": \"SO-DIMM\", \"Form Factor\": \"262-PIN\", \"RAM Operation Mode\": \"Dual-Channel\", \"Width\": \"69.6 mm\", \"Height\": \"30 mm\", \"\": null}}"},
{"name": "XPG Lancer Blade 32GB Kit DDR5-6000 CL30 AX5U6000C3016G-DTLABBK", "description": "Memory Capacity 32 GB | Memory Kit Type 2 x 16 GB | Bus Clock Speed 6,000 MHz | Specification PC5-48.000 | Memory Latency CL 30-40-40 | Voltage 1.35 V | Design DIMM | Height 33.8 mm", "image_links": ["https://cdn.idealo.com/folder/Product/203503/8/203503845/s3_produktbild_gross/xpg-lancer-blade-32gb-kit-ddr5-6000-cl30-ax5u6000c3016g-dtlabbk.jpg"], "price": "76.65", "ram_type": "DDR5", "specifications": "{\"Name\": {\"Product Type\": \"DDR5 RAM\", \"Series\": \"XPG Lancer Blade\", \"Colour\": \"Black\"}, \"Additional Information\": {\"Memory Capacity\": \"32 GB\", \"Memory Kit Type\": \"2 x 16 GB\", \"Bus Clock Speed\": \"6,000 MHz\", \"Specification\": \"PC5-48.000\", \"Memory Latency\": \"CL 30-40-40\", \"Latency\": \"CL 30\", \"Voltage\": \"1.35 V\", \"Features\": \"XMP, EXPO / Heatsink, LED\", \"Packaging\": \"Dual-Kit\", \"Design\": \"DIMM\", \"Form Factor\": \"288-PIN\", \"RAM Operation Mode\": \"Dual-Channel\", \"Width\": \"133.35 mm\", \"Height\": \"33.8 mm\", \"\": null}}"},
{"name": "Kingston FURY Beast 32GB Dual-Kit DDR4-3200 CL16 (KF432C16BBK2/32)", "description": "Memory Capacity 32 GB | Memory Kit Type 2 x 16 GB | Bus Clock Speed 3,200 MHz | Specification PC4-25.600 | Memory Latency CL 16-20-20 | Voltage 1.35 V | Design DIMM | Height 34 mm", "image_links": ["https://cdn.idealo.com/folder/Product/201523/6/201523648/s3_produktbild_max/kingston-fury-beast-32gb-dual-kit-ddr4-3200-cl16-kf432c16bbk2-32.jpg", "https://cdn.idealo.com/folder/Product/201523/6/201523648/s3_produktbild_max_1/kingston-fury-beast-32gb-dual-kit-ddr4-3200-cl16-kf432c16bbk2-32.jpg"], "price": "51.99", "ram_type": "DDR4", "specifications": "{\"Name\": {\"Product Type\": \"DDR4 RAM\", \"Series\": \"Kingston FURY Beast\", \"Colour\": \"Black\"}, \"Additional Information\": {\"Memory Capacity\": \"32 GB\", \"Memory Kit Type\": \"2 x 16 GB\", \"Bus Clock Speed\": \"3,200 MHz\", \"Specification\": \"PC4-25.600\", \"Memory Latency\": \"CL 16-20-20\", \"Latency\": \"CL 16\", \"Voltage\": \"1.35 V\", \"Features\": \"XMP / Heatsink\", \"Packaging\": \"Dual-Kit\", \"Design\": \"DIMM\", \"Form Factor\": \"288-PIN\", \"Width\": \"133.35 mm\", \"Height\": \"34 mm\", \"\": null}}"},
{"name": "Crucial Pro 96GB Kit DDR5-5600 CL46 (CP2K48G56C46U5)", "description": "Memory Capacity 96 GB | Memory Kit Type 2 x 48 GB | Bus Clock Speed 5,600 MHz | Specification PC5-44.800 | Memory Latency CL 46-45-45 | Voltage 1.1 V | Design DIMM", "image_links": ["https://cdn.idealo.com/folder/Product/203257/2/203257248/s3_produktbild_max/crucial-pro-96gb-kit-ddr5-5600-cl46-cp2k48g56c46u5.jpg", "https://cdn.idealo.com/folder/Product/203257/2/203257248/s3_produktbild_max_1/crucial-pro-96gb-kit-ddr5-5600-cl46-cp2k48g56c46u5.jpg", "https://cdn.idealo.com/folder/Product/203257/2/203257248/s3_produktbild_max_2/crucial-pro-96gb-kit-ddr5-5600-cl46-cp2k48g56c46u5.jpg"], "price": "175.64", "ram_type": "DDR5", "specifications": "{\"Name\": {\"Product Type\": \"DDR5 RAM\", \"Series\": \"Crucial Pro\", \"Colour\": \"Black\"}, \"Additional Information\": {\"Memory Capacity\": \"96 GB\", \"Memory Kit Type\": \"2 x 48 GB\", \"Bus Clock Speed\": \"5,600 MHz\", \"Specification\": \"PC5-44.800\", \"Memory Latency\": \"CL 46-45-45\", \"Latency\": \"CL 46\", \"Voltage\": \"1.1 V\", \"Packaging\": \"Dual-Kit\", \"Design\": \"DIMM\", \"Form Factor\": \"288-PIN\", \"Features\": \"Heatsink\"}}"},
{"name": "Crucial 16GB DDR5-5600 CL46 (CT16G56C46S5)", "description": "Memory Capacity 16 GB | Memory Kit Type 1 x 16 GB | Bus Clock Speed 5,600 MHz | Specification PC5-44.800 | Memory Latency CL 46-45-45 | Voltage 1.1 V | Design SO-DIMM", "image_links": ["https://cdn.idealo.com/folder/Product/202284/8/202284828/s3_produktbild_gross/crucial-16gb-ddr5-5600-cl46-ct16g56c46s5.jpg"], "price": "31.99", "ram_type": "DDR5", "specifications": "{\"Name\": {\"Product Type\": \"DDR5 RAM\", \"Colour\": \"Black\"}, \"Additional Information\": {\"Memory Capacity\": \"16 GB\", \"Memory Kit Type\": \"1 x 16 GB\", \"Bus Clock Speed\": \"5,600 MHz\", \"Specification\": \"PC5-44.800\", \"Memory Latency\": \"CL 46-45-45\", \"Latency\": \"CL 46\", \"Voltage\": \"1.1 V\", \"Packaging\": \"Single-Kit\", \"Design\": \"SO-DIMM\", \"Form Factor\": \"262-PIN\"}}"},
{"name": "G.Skill Trident Z5 RGB 96GB Kit DDR5-6800 CL34 F5-6800J3446F48GX2-TZ5RK", "description": "Memory Capacity 96 GB | Memory Kit Type 2 x 48 GB | Bus Clock Speed 6,800 MHz | Specification PC5-54.400 | Memory Latency CL 34-46-46-108 | Voltage 1.35 V | Design DIMM", "image_links": ["https://cdn.idealo.com/folder/Product/202869/3/202869326/s3_produktbild_max/g-skill-trident-z5-rgb-96gb-kit-ddr5-6800-cl34-f5-6800j3446f48gx2-tz5rk.jpg", "https://cdn.idealo.com/folder/Product/202869/3/202869326/s3_produktbild_max_1/g-skill-trident-z5-rgb-96gb-kit-ddr5-6800-cl34-f5-6800j3446f48gx2-tz5rk.jpg", "https://cdn.idealo.com/folder/Product/202869/3/202869326/s3_produktbild_max_2/g-skill-trident-z5-rgb-96gb-kit-ddr5-6800-cl34-f5-6800j3446f48gx2-tz5rk.jpg", "https://cdn.idealo.com/folder/Product/202869/3/202869326/s3_produktbild_max_3/g-skill-trident-z5-rgb-96gb-kit-ddr5-6800-cl34-f5-6800j3446f48gx2-tz5rk.jpg"], "price": "313.18", "ram_type": "DDR5", "specifications": "{\"Name\": {\"Product Type\": \"DDR5 RAM\", \"Series\": \"G.Skill Trident Z5 RGB\", \"Colour\": \"Black\"}, \"Additional Information\": {\"Memory Capacity\": \"96 GB\", \"Memory Kit Type\": \"2 x 48 GB\", \"Bus Clock Speed\": \"6,800 MHz\", \"Specification\": \"PC5-54.400\", \"Memory Latency\": \"CL 34-46-46-108\", \"Latency\": \"CL 34\", \"Voltage\": \"1.35 V\", \"Features\": \"XMP / Heatsink, LED\", \"Packaging\": \"Dual-Kit\", \"Design\": \"DIMM\", \"Form Factor\": \"288-PIN\", \"RAM Operation Mode\": \"Dual-Channel\", \"\": null}}"},
{"name": "G.Skill Trident Z5 RGB 64GB Kit DDR5-6400 CL32 F5-6400J3239G32GX2-TZ5RK", "description": "Memory Capacity 64 GB | Memory Kit Type 2 x 32 GB | Bus Clock Speed 6,400 MHz | Specification PC5-51.200 | Memory Latency CL 32-39-39-102 | Voltage 1.4 V | Design DIMM", "image_links": ["https://cdn.idealo.com/folder/Product/202164/8/202164866/s3_produktbild_max/g-skill-trident-z5-rgb-64gb-kit-ddr5-6400-cl32-f5-6400j3239g32gx2-tz5rk.jpg", "https://cdn.idealo.com/folder/Product/202164/8/202164866/s3_produktbild_max_1/g-skill-trident-z5-rgb-64gb-kit-ddr5-6400-cl32-f5-6400j3239g32gx2-tz5rk.jpg", "https://cdn.idealo.com/folder/Product/202164/8/202164866/s3_produktbild_max_2/g-skill-trident-z5-rgb-64gb-kit-ddr5-6400-cl32-f5-6400j3239g32gx2-tz5rk.jpg", "https://cdn.idealo.com/folder/Product/202164/8/202164866/s3_produktbild_max_3/g-skill-trident-z5-rgb-64gb-kit-ddr5-6400-cl32-f5-6400j3239g32gx2-tz5rk.jpg"], "price": "220.99", "ram_type": "DDR5", "specifications": "{\"Name\": {\"Product Type\": \"DDR5 RAM\", \"Series\": \"G.Skill Trident Z5 RGB\", \"Colour\": \"Black\"}, \"Additional Information\": {\"Memory Capacity\": \"64 GB\", \"Memory Kit Type\": \"2 x 32 GB\", \"Bus Clock Speed\": \"6,400 MHz\", \"Specification\": \"PC5-51.200\", \"Memory Latency\": \"CL 32-39-39-102\", \"Latency\": \"CL 32\", \"Voltage\": \"1.4 V\", \"Features\": \"XMP / Heatsink, LED\", \"Packaging\": \"Dual-Kit\", \"Design\": \"DIMM\", \"Form Factor\": \"288-PIN\", \"RAM Operation Mode\": \"Dual-Channel\", \"\": null}}"},
{"name": "G.Skill Trident Z5 RGB 64GB Kit DDR5-6400 CL32 F5-6400J3239G32GX2-TZ5RS", "description": "Memory Capacity 64 GB | Memory Kit Type 2 x 32 GB | Bus Clock Speed 6,400 MHz | Specification PC5-51.200 | Memory Latency CL 32-39-39-102 | Voltage 1.4 V | Design DIMM", "image_links": ["https://cdn.idealo.com/folder/Product/202164/8/202164869/s3_produktbild_max/g-skill-trident-z5-rgb-64gb-kit-ddr5-6400-cl32-f5-6400j3239g32gx2-tz5rs.jpg", "https://cdn.idealo.com/folder/Product/202164/8/202164869/s3_produktbild_max_1/g-skill-trident-z5-rgb-64gb-kit-ddr5-6400-cl32-f5-6400j3239g32gx2-tz5rs.jpg", "https://cdn.idealo.com/folder/Product/202164/8/202164869/s3_produktbild_max_2/g-skill-trident-z5-rgb-64gb-kit-ddr5-6400-cl32-f5-6400j3239g32gx2-tz5rs.jpg", "https://cdn.idealo.com/folder/Product/202164/8/202164869/s3_produktbild_max_3/g-skill-trident-z5-rgb-64gb-kit-ddr5-6400-cl32-f5-6400j3239g32gx2-tz5rs.jpg"], "price": "205.42", "ram_type": "DDR5", "specifications": "{\"Name\": {\"Product Type\": \"DDR5 RAM\", \"Series\": \"G.Skill Trident Z5 RGB\", \"Colour\": \"Silver\"}, \"Additional Information\": {\"Memory Capacity\": \"64 GB\", \"Memory Kit Type\": \"2 x 32 GB\", \"Bus Clock Speed\": \"6,400 MHz\", \"Specification\": \"PC5-51.200\", \"Memory Latency\": \"CL 32-39-39-102\", \"Latency\": \"CL 32\", \"Voltage\": \"1.4 V\", \"Features\": \"XMP / Heatsink, LED\", \"Packaging\": \"Dual-Kit\", \"Design\": \"DIMM\", \"Form Factor\": \"288-PIN\", \"RAM Operation Mode\": \"Dual-Channel\", \"\": null}}"},
{"name": "G.Skill Trident Z5 RGB 64GB Kit DDR5-6400 CL32 F5-6400J3239G32GX2-TZ5RW", "description": "Memory Capacity 64 GB | Memory Kit Type 2 x 32 GB | Bus Clock Speed 6,400 MHz | Specification PC5-51.200 | Memory Latency CL 32-39-39-102 | Voltage 1.4 V | Design DIMM", "image_links": ["https://cdn.idealo.com/folder/Product/203080/0/203080055/s3_produktbild_gross/g-skill-trident-z5-rgb-64gb-kit-ddr5-6400-cl32-f5-6400j3239g32gx2-tz5rw.jpg"], "price": "206.98", "ram_type": "DDR5", "specifications": "{\"Name\": {\"Product Type\": \"DDR5 RAM\", \"Series\": \"G.Skill Trident Z5 RGB\", \"Colour\": \"White\"}, \"Additional Information\": {\"Memory Capacity\": \"64 GB\", \"Memory Kit Type\": \"2 x 32 GB\", \"Bus Clock Speed\": \"6,400 MHz\", \"Specification\": \"PC5-51.200\", \"Memory Latency\": \"CL 32-39-39-102\", \"Latency\": \"CL 32\", \"Voltage\": \"1.4 V\", \"Features\": \"XMP / Heatsink, LED\", \"Packaging\": \"Dual-Kit\", \"Design\": \"DIMM\", \"Form Factor\": \"288-PIN\", \"RAM Operation Mode\": \"Dual-Channel\", \"\": null}}"},
{"name": "Patriot Viper Steel 32GB Kit DDR4-3600 CL18 (PVS432G360C8K)", "description": "Memory Capacity 32 GB | Memory Kit Type 2 x 16 GB | Bus Clock Speed 3,600 MHz | Specification PC4-28.800 | Memory Latency CL 18-22-22-42 | Design DIMM", "image_links": ["https://cdn.idealo.com/folder/Product/200589/2/200589226/s3_produktbild_gross/patriot-viper-steel-32gb-kit-ddr4-3600-cl18-pvs432g360c8k.jpg"], "price": "51.99", "ram_type": "DDR4", "specifications": "{\"Name\": {\"Product Type\": \"DDR4 RAM\", \"Series\": \"Patriot Viper Steel\", \"Colour\": \"Grey\"}, \"Additional Information\": {\"Memory Capacity\": \"32 GB\", \"Memory Kit Type\": \"2 x 16 GB\", \"Bus Clock Speed\": \"3,600 MHz\", \"Specification\": \"PC4-28.800\", \"Memory Latency\": \"CL 18-22-22-42\", \"Features\": \"XMP\", \"Packaging\": \"Dual-Kit\", \"Design\": \"DIMM\", \"Form Factor\": \"288-PIN\", \"RAM Operation Mode\": \"Dual-Channel\", \"Note\": \"Spannung max.: 1.35\"}}"},
{"name": "G.Skill Trident Z5 RGB 64GB Kit DDR5-6000 CL30 F5-6000J3040G32GX2-TZ5RS", "description": "Memory Capacity 64 GB | Memory Kit Type 2 x 32 GB | Bus Clock Speed 6,000 MHz | Specification PC5-48.000 | Memory Latency CL 30-40-40-96 | Voltage 1.4 V | Design DIMM", "image_links": ["https://cdn.idealo.com/folder/Product/201926/9/201926902/s3_produktbild_max/g-skill-trident-z5-rgb-64gb-kit-ddr5-6000-cl30-f5-6000j3040g32gx2-tz5rs.jpg", "https://cdn.idealo.com/folder/Product/201926/9/201926902/s3_produktbild_max_1/g-skill-trident-z5-rgb-64gb-kit-ddr5-6000-cl30-f5-6000j3040g32gx2-tz5rs.jpg", "https://cdn.idealo.com/folder/Product/201926/9/201926902/s3_produktbild_max_2/g-skill-trident-z5-rgb-64gb-kit-ddr5-6000-cl30-f5-6000j3040g32gx2-tz5rs.jpg"], "price": "195.67", "ram_type": "DDR5", "specifications": "{\"Name\": {\"Product Type\": \"DDR5 RAM\", \"Series\": \"G.Skill Trident Z5 RGB\", \"Colour\": \"Silver\"}, \"Additional Information\": {\"Memory Capacity\": \"64 GB\", \"Memory Kit Type\": \"2 x 32 GB\", \"Bus Clock Speed\": \"6,000 MHz\", \"Specification\": \"PC5-48.000\", \"Memory Latency\": \"CL 30-40-40-96\", \"Latency\": \"CL 30\", \"Voltage\": \"1.4 V\", \"Features\": \"XMP / Heatsink, LED\", \"Packaging\": \"Dual-Kit\", \"Design\": \"DIMM\", \"Form Factor\": \"288-PIN\", \"RAM Operation Mode\": \"Dual-Channel\", \"\": null}}"},
{"name": "G.Skill Trident Z5 RGB 64GB Kit DDR5-6000 CL30 F5-6000J3040G32GX2-TZ5RW", "description": "Memory Capacity 64 GB | Memory Kit Type 2 x 32 GB | Bus Clock Speed 6,000 MHz | Specification PC5-48.000 | Memory Latency CL 30-40-40-96 | Voltage 1.4 V | Design DIMM", "image_links": ["https://cdn.idealo.com/folder/Product/203080/0/203080048/s3_produktbild_gross/g-skill-trident-z5-rgb-64gb-kit-ddr5-6000-cl30-f5-6000j3040g32gx2-tz5rw.jpg"], "price": "197.74", "ram_type": "DDR5", "specifications": "{\"Name\": {\"Product Type\": \"DDR5 RAM\", \"Series\": \"G.Skill Trident Z5 RGB\", \"Colour\": \"White\"}, \"Additional Information\": {\"Memory Capacity\": \"64 GB\", \"Memory Kit Type\": \"2 x 32 GB\", \"Bus Clock Speed\": \"6,000 MHz\", \"Specification\": \"PC5-48.000\", \"Memory Latency\": \"CL 30-40-40-96\", \"Latency\": \"CL 30\", \"Voltage\": \"1.4 V\", \"Features\": \"XMP / Heatsink, LED\", \"Packaging\": \"Dual-Kit\", \"Design\": \"DIMM\", \"Form Factor\": \"288-PIN\", \"RAM Operation Mode\": \"Dual-Channel\", \"\": null}}"},
{"name": "G.Skill Trident Z5 RGB 64GB Kit DDR5-6000 CL30 F5-6000J3040G32GX2-TZ5RK", "description": "Memory Capacity 64 GB | Memory Kit Type 2 x 32 GB | Bus Clock Speed 6,000 MHz | Specification PC5-48.000 | Memory Latency CL 30-40-40-96 | Voltage 1.4 V | Design DIMM", "image_links": ["https://cdn.idealo.com/folder/Product/201926/9/201926901/s3_produktbild_max/g-skill-trident-z5-rgb-64gb-kit-ddr5-6000-cl30-f5-6000j3040g32gx2-tz5rk.jpg", "https://cdn.idealo.com/folder/Product/201926/9/201926901/s3_produktbild_max_1/g-skill-trident-z5-rgb-64gb-kit-ddr5-6000-cl30-f5-6000j3040g32gx2-tz5rk.jpg", "https://cdn.idealo.com/folder/Product/201926/9/201926901/s3_produktbild_max_2/g-skill-trident-z5-rgb-64gb-kit-ddr5-6000-cl30-f5-6000j3040g32gx2-tz5rk.jpg"], "price": "199.81", "ram_type": "DDR5", "specifications": "{\"Name\": {\"Product Type\": \"DDR5 RAM\", \"Series\": \"G.Skill Trident Z5 RGB\", \"Colour\": \"Black\"}, \"Additional Information\": {\"Memory Capacity\": \"64 GB\", \"Memory Kit Type\": \"2 x 32 GB\", \"Bus Clock Speed\": \"6,000 MHz\", \"Specification\": \"PC5-48.000\", \"Memory Latency\": \"CL 30-40-40-96\", \"Latency\": \"CL 30\", \"Voltage\": \"1.4 V\", \"Features\": \"XMP / Heatsink, LED\", \"Packaging\": \"Dual-Kit\", \"Design\": \"DIMM\", \"Form Factor\": \"288-PIN\", \"RAM Operation Mode\": \"Dual-Channel\", \"\": null}}"},
{"name": "GoodRAM IRDM PRO 16GB DDR4-3600 CL18 (IRP-K3600D4V64L18/16G)", "description": "Memory Capacity 16 GB | Memory Kit Type 1 x 16 GB | Bus Clock Speed 3,600 MHz | Specification PC4-28.800 | Memory Latency CL 18-22-22 | Voltage 1.35 V | Design DIMM", "image_links": ["https://cdn.idealo.com/folder/Product/201525/9/201525912/s3_produktbild_max/goodram-irdm-pro-16gb-ddr4-3600-cl18-irp-k3600d4v64l18-16g.jpg", "https://cdn.idealo.com/folder/Product/201525/9/201525912/s3_produktbild_max_1/goodram-irdm-pro-16gb-ddr4-3600-cl18-irp-k3600d4v64l18-16g.jpg"], "price": "25.99", "ram_type": "DDR4", "specifications": "{\"Name\": {\"Product Type\": \"DDR4 RAM\", \"Series\": \"Goodram IRDM PRO\", \"Colour\": \"Black\"}, \"Additional Information\": {\"Memory Capacity\": \"16 GB\", \"Memory Kit Type\": \"1 x 16 GB\", \"Bus Clock Speed\": \"3,600 MHz\", \"Specification\": \"PC4-28.800\", \"Memory Latency\": \"CL 18-22-22\", \"Latency\": \"CL 18\", \"Voltage\": \"1.35 V\", \"Design\": \"DIMM\", \"Form Factor\": \"288-PIN\", \"Features\": \"Heatsink\"}}"},
{"name": "Corsair Vengeance RGB RT 32GB 32GB Dual-Kit DDR4-3600 CL16 (CMN32GX4M2Z3600C16)", "description": "Memory Capacity 32 GB | Memory Kit Type 2 x 16 GB | Bus Clock Speed 3,600 MHz | Specification PC4-28.800 | Memory Latency CL 16-20-20-38 | Voltage 1.35 V | Design DIMM", "image_links": ["https://cdn.idealo.com/folder/Product/201579/0/201579083/s3_produktbild_max/corsair-vengeance-rgb-rt-32gb-32gb-dual-kit-ddr4-3600-cl16-cmn32gx4m2z3600c16.jpg", "https://cdn.idealo.com/folder/Product/201579/0/201579083/s3_produktbild_max_1/corsair-vengeance-rgb-rt-32gb-32gb-dual-kit-ddr4-3600-cl16-cmn32gx4m2z3600c16.jpg", "https://cdn.idealo.com/folder/Product/201579/0/201579083/s3_produktbild_max_2/corsair-vengeance-rgb-rt-32gb-32gb-dual-kit-ddr4-3600-cl16-cmn32gx4m2z3600c16.jpg", "https://cdn.idealo.com/folder/Product/201579/0/201579083/s3_produktbild_max_3/corsair-vengeance-rgb-rt-32gb-32gb-dual-kit-ddr4-3600-cl16-cmn32gx4m2z3600c16.jpg", "https://cdn.idealo.com/folder/Product/201579/0/201579083/s3_produktbild_max_4/corsair-vengeance-rgb-rt-32gb-32gb-dual-kit-ddr4-3600-cl16-cmn32gx4m2z3600c16.jpg", "https://cdn.idealo.com/folder/Product/201579/0/201579083/s3_produktbild_max_5/corsair-vengeance-rgb-rt-32gb-32gb-dual-kit-ddr4-3600-cl16-cmn32gx4m2z3600c16.jpg", "https://cdn.idealo.com/folder/Product/201579/0/201579083/s3_produktbild_max_6/corsair-vengeance-rgb-rt-32gb-32gb-dual-kit-ddr4-3600-cl16-cmn32gx4m2z3600c16.jpg", "https://cdn.idealo.com/folder/Product/201579/0/201579083/s3_produktbild_max_7/corsair-vengeance-rgb-rt-32gb-32gb-dual-kit-ddr4-3600-cl16-cmn32gx4m2z3600c16.jpg"], "price": "77.97", "ram_type": "DDR4", "specifications": "{\"Name\": {\"Product Type\": \"DDR4 RAM\", \"Series\": \"Corsair Vengeance RGB RT\", \"Colour\": \"Black\"}, \"Additional Information\": {\"Memory Capacity\": \"32 GB\", \"Memory Kit Type\": \"2 x 16 GB\", \"Bus Clock Speed\": \"3,600 MHz\", \"Specification\": \"PC4-28.800\", \"Memory Latency\": \"CL 16-20-20-38\", \"Latency\": \"CL 16\", \"Voltage\": \"1.35 V\", \"Features\": \"XMP / Heatsink, LED\", \"Packaging\": \"Dual-Kit\", \"Design\": \"DIMM\", \"Form Factor\": \"288-PIN\", \"RAM Operation Mode\": \"Dual-Channel\", \"\": null}}"},
{"name": "Team T-Force DELTA RGB 32GB Kit DDR5-6000 CL30 FF3D532G6000HC30DC01", "description": "Memory Capacity 32 GB | Memory Kit Type 2 x 16 GB | Bus Clock Speed 6,000 MHz | Specification PC5-48.000 | Memory Latency CL 30-36-36-76 | Voltage 1.35 V | Design DIMM", "image_links": ["https://cdn.idealo.com/folder/Product/202204/1/202204145/s3_produktbild_gross/team-t-force-delta-rgb-32gb-kit-ddr5-6000-cl30-ff3d532g6000hc30dc01.jpg"], "price": "87.83", "ram_type": "DDR5", "specifications": "{\"Name\": {\"Product Type\": \"DDR5 RAM\", \"Series\": \"Team Group T-Force DELTA RGB\", \"Colour\": \"Black\"}, \"Additional Information\": {\"Memory Capacity\": \"32 GB\", \"Memory Kit Type\": \"2 x 16 GB\", \"Bus Clock Speed\": \"6,000 MHz\", \"Specification\": \"PC5-48.000\", \"Memory Latency\": \"CL 30-36-36-76\", \"Latency\": \"CL 30\", \"Voltage\": \"1.35 V\", \"Features\": \"XMP / Heatsink, LED\", \"Packaging\": \"Dual-Kit\", \"Design\": \"DIMM\", \"Form Factor\": \"288-PIN\", \"RAM Operation Mode\": \"Dual-Channel\", \"\": null}}"},
{"name": "Team T-Force DELTA RGB 32GB Kit DDR5-6000 CL30 FF4D532G6000HC30DC01", "description": "Memory Capacity 32 GB | Memory Kit Type 2 x 16 GB | Bus Clock Speed 6,000 MHz | Specification PC5-48.000 | Memory Latency CL 30-36-36-76 | Voltage 1.35 V | Design DIMM", "image_links": ["https://cdn.idealo.com/images/product/202204151/en_GB/0/gross.jpg"], "price": "104.87", "ram_type": "DDR5", "specifications": "{\"Name\": {\"Product Type\": \"DDR5 RAM\", \"Series\": \"Team Group T-Force DELTA RGB\", \"Colour\": \"White\"}, \"Additional Information\": {\"Memory Capacity\": \"32 GB\", \"Memory Kit Type\": \"2 x 16 GB\", \"Bus Clock Speed\": \"6,000 MHz\", \"Specification\": \"PC5-48.000\", \"Memory Latency\": \"CL 30-36-36-76\", \"Latency\": \"CL 30\", \"Voltage\": \"1.35 V\", \"Features\": \"XMP / Heatsink, LED\", \"Packaging\": \"Dual-Kit\", \"Design\": \"DIMM\", \"Form Factor\": \"288-PIN\", \"RAM Operation Mode\": \"Dual-Channel\", \"\": null}}"},
{"name": "Corsair Vengeance 32GB Kit DDR5-6000 CL36 CMK32GX5M2E6000Z36", "description": "Memory Capacity 32 GB | Memory Kit Type 2 x 16 GB | Bus Clock Speed 6,000 MHz | Specification PC5-48.000 | Memory Latency CL 36-44-44-96 | Voltage 1.35 V | Design DIMM | Height 35 mm", "image_links": ["https://cdn.idealo.com/folder/Product/203367/3/203367360/s3_produktbild_max/corsair-vengeance-32gb-kit-ddr5-6000-cl36-cmk32gx5m2e6000z36.jpg", "https://cdn.idealo.com/folder/Product/203367/3/203367360/s3_produktbild_max_1/corsair-vengeance-32gb-kit-ddr5-6000-cl36-cmk32gx5m2e6000z36.jpg"], "price": "79.99", "ram_type": "DDR5", "specifications": "{\"Name\": {\"Product Type\": \"DDR5 RAM\", \"Series\": \"Corsair Vengeance\", \"Colour\": \"Grey\"}, \"Additional Information\": {\"Memory Capacity\": \"32 GB\", \"Memory Kit Type\": \"2 x 16 GB\", \"Bus Clock Speed\": \"6,000 MHz\", \"Specification\": \"PC5-48.000\", \"Memory Latency\": \"CL 36-44-44-96\", \"Latency\": \"CL 36\", \"Voltage\": \"1.35 V\", \"Features\": \"EXPO, XMP / Heatsink\", \"Packaging\": \"Dual-Kit\", \"Design\": \"DIMM\", \"Form Factor\": \"288-PIN\", \"RAM Operation Mode\": \"Dual-Channel\", \"Width\": \"133.35 mm\", \"Height\": \"35 mm\", \"\": null}}"},
{"name": "Corsair Vengeance 32GB Kit DDR5-6000 CL36 CMK32GX5M2E6000Z36W", "description": "Memory Capacity 32 GB | Memory Kit Type 2 x 16 GB | Bus Clock Speed 6,000 MHz | Specification PC5-48.000 | Memory Latency CL 36-44-44-96 | Voltage 1.35 V | Design DIMM | Height 35 mm", "image_links": ["https://cdn.idealo.com/folder/Product/205964/7/205964740/s3_produktbild_max/corsair-vengeance-32gb-kit-ddr5-6000-cl36-cmk32gx5m2e6000z36w.jpg", "https://cdn.idealo.com/folder/Product/205964/7/205964740/s3_produktbild_max_1/corsair-vengeance-32gb-kit-ddr5-6000-cl36-cmk32gx5m2e6000z36w.jpg", "https://cdn.idealo.com/folder/Product/205964/7/205964740/s3_produktbild_max_2/corsair-vengeance-32gb-kit-ddr5-6000-cl36-cmk32gx5m2e6000z36w.jpg", "https://cdn.idealo.com/folder/Product/205964/7/205964740/s3_produktbild_max_3/corsair-vengeance-32gb-kit-ddr5-6000-cl36-cmk32gx5m2e6000z36w.jpg"], "price": "96.49", "ram_type": "DDR5", "specifications": "{\"Name\": {\"Product Type\": \"DDR5 RAM\", \"Series\": \"Corsair Vengeance\", \"Colour\": \"White\"}, \"Additional Information\": {\"Memory Capacity\": \"32 GB\", \"Memory Kit Type\": \"2 x 16 GB\", \"Bus Clock Speed\": \"6,000 MHz\", \"Specification\": \"PC5-48.000\", \"Memory Latency\": \"CL 36-44-44-96\", \"Latency\": \"CL 36\", \"Voltage\": \"1.35 V\", \"Features\": \"XMP, EXPO / Heatsink\", \"Packaging\": \"Dual-Kit\", \"Design\": \"DIMM\", \"Form Factor\": \"288-PIN\", \"RAM Operation Mode\": \"Dual-Channel\", \"Width\": \"133.35 mm\", \"Height\": \"35 mm\", \"\": null}}"},
{"name": "Corsair Vengeance 32GB Kit DDR5-6000 CL36 CMK32GX5M2E6000C36W", "description": "Memory Capacity 32 GB | Memory Kit Type 2 x 16 GB | Bus Clock Speed 6,000 MHz | Specification PC5-48.000 | Memory Latency CL 36-44-44-96 | Voltage 1.4 V | Design DIMM | Height 35 mm", "image_links": ["https://cdn.idealo.com/folder/Product/203410/2/203410264/s3_produktbild_gross/corsair-vengeance-32gb-kit-ddr5-6000-cl36-cmk32gx5m2e6000c36w.jpg"], "price": "96.49", "ram_type": "DDR5", "specifications": "{\"Name\": {\"Product Type\": \"DDR5 RAM\", \"Series\": \"Corsair Vengeance\", \"Colour\": \"White\"}, \"Additional Information\": {\"Memory Capacity\": \"32 GB\", \"Memory Kit Type\": \"2 x 16 GB\", \"Bus Clock Speed\": \"6,000 MHz\", \"Specification\": \"PC5-48.000\", \"Memory Latency\": \"CL 36-44-44-96\", \"Latency\": \"CL 36\", \"Voltage\": \"1.4 V\", \"Features\": \"XMP / Heatsink\", \"Packaging\": \"Dual-Kit\", \"Design\": \"DIMM\", \"Form Factor\": \"288-PIN\", \"RAM Operation Mode\": \"Dual-Channel\", \"Width\": \"133.35 mm\", \"Height\": \"35 mm\", \"\": null}}"},
{"name": "Corsair Vengeance 32GB Kit DDR5-6000 CL36 CMK32GX5M2D6000C36W", "description": "Memory Capacity 32 GB | Memory Kit Type 2 x 16 GB | Bus Clock Speed 6,000 MHz | Specification PC5-48.000 | Memory Latency CL 36-36-36-76 | Voltage 1.35 V | Design DIMM | Height 35 mm", "image_links": ["https://cdn.idealo.com/folder/Product/202828/6/202828679/s3_produktbild_max/corsair-vengeance-32gb-kit-ddr5-6000-cl36-cmk32gx5m2d6000c36w.jpg", "https://cdn.idealo.com/folder/Product/202828/6/202828679/s3_produktbild_max_1/corsair-vengeance-32gb-kit-ddr5-6000-cl36-cmk32gx5m2d6000c36w.jpg", "https://cdn.idealo.com/folder/Product/202828/6/202828679/s3_produktbild_max_2/corsair-vengeance-32gb-kit-ddr5-6000-cl36-cmk32gx5m2d6000c36w.jpg"], "price": "107.48", "ram_type": "DDR5", "specifications": "{\"Name\": {\"Product Type\": \"DDR5 RAM\", \"Series\": \"Corsair Vengeance\", \"Colour\": \"White\"}, \"Additional Information\": {\"Memory Capacity\": \"32 GB\", \"Memory Kit Type\": \"2 x 16 GB\", \"Bus Clock Speed\": \"6,000 MHz\", \"Specification\": \"PC5-48.000\", \"Memory Latency\": \"CL 36-36-36-76\", \"Latency\": \"CL 36\", \"Voltage\": \"1.35 V\", \"Features\": \"XMP / Heatsink\", \"Packaging\": \"Dual-Kit\", \"Design\": \"DIMM\", \"Form Factor\": \"288-PIN\", \"RAM Operation Mode\": \"Dual-Channel\", \"Width\": \"133.35 mm\", \"Height\": \"35 mm\", \"\": null}}"},
{"name": "Corsair Vengeance 32GB Kit DDR5-6000 CL36 CMK32GX5M2B6000C36", "description": "Memory Capacity 32 GB | Memory Kit Type 2 x 16 GB | Bus Clock Speed 6,000 MHz | Specification PC5-48.000 | Memory Latency CL 36-38-38-76 | Voltage 1.25 V | Design DIMM | Height 35 mm", "image_links": ["https://cdn.idealo.com/folder/Product/201990/5/201990587/s3_produktbild_max/corsair-vengeance-32gb-kit-ddr5-6000-cl36-cmk32gx5m2b6000c36.jpg", "https://cdn.idealo.com/folder/Product/201990/5/201990587/s3_produktbild_max_1/corsair-vengeance-32gb-kit-ddr5-6000-cl36-cmk32gx5m2b6000c36.jpg", "https://cdn.idealo.com/folder/Product/201990/5/201990587/s3_produktbild_max_2/corsair-vengeance-32gb-kit-ddr5-6000-cl36-cmk32gx5m2b6000c36.jpg", "https://cdn.idealo.com/folder/Product/201990/5/201990587/s3_produktbild_max_3/corsair-vengeance-32gb-kit-ddr5-6000-cl36-cmk32gx5m2b6000c36.jpg"], "price": "101.99", "ram_type": "DDR5", "specifications": "{\"Name\": {\"Product Type\": \"DDR5 RAM\", \"Series\": \"Corsair Vengeance\", \"Colour\": \"Black\"}, \"Additional Information\": {\"Memory Capacity\": \"32 GB\", \"Memory Kit Type\": \"2 x 16 GB\", \"Bus Clock Speed\": \"6,000 MHz\", \"Specification\": \"PC5-48.000\", \"Memory Latency\": \"CL 36-38-38-76\", \"Latency\": \"CL 36\", \"Voltage\": \"1.25 V\", \"Features\": \"XMP / Heatsink\", \"Packaging\": \"Dual-Kit\", \"Design\": \"DIMM\", \"Form Factor\": \"288-PIN\", \"RAM Operation Mode\": \"Dual-Channel\", \"Width\": \"133.35 mm\", \"Height\": \"35 mm\", \"\": null}}"},
{"name": "Corsair Vengeance 32GB Kit DDR5-6000 CL36 CMK32GX5M2D6000C36", "description": "Memory Capacity 32 GB | Memory Kit Type 2 x 16 GB | Bus Clock Speed 6,000 MHz | Specification PC5-48.000 | Memory Latency CL 36-36-36-76 | Voltage 1.35 V | Design DIMM | Height 35 mm", "image_links": ["https://cdn.idealo.com/folder/Product/201990/5/201990590/s3_produktbild_max/corsair-vengeance-32gb-kit-ddr5-6000-cl36-cmk32gx5m2d6000c36.jpg", "https://cdn.idealo.com/folder/Product/201990/5/201990590/s3_produktbild_max_1/corsair-vengeance-32gb-kit-ddr5-6000-cl36-cmk32gx5m2d6000c36.jpg", "https://cdn.idealo.com/folder/Product/201990/5/201990590/s3_produktbild_max_2/corsair-vengeance-32gb-kit-ddr5-6000-cl36-cmk32gx5m2d6000c36.jpg", "https://cdn.idealo.com/folder/Product/201990/5/201990590/s3_produktbild_max_3/corsair-vengeance-32gb-kit-ddr5-6000-cl36-cmk32gx5m2d6000c36.jpg"], "price": "106.49", "ram_type": "DDR5", "specifications": "{\"Name\": {\"Product Type\": \"DDR5 RAM\", \"Series\": \"Corsair Vengeance\", \"Colour\": \"Black\"}, \"Additional Information\": {\"Memory Capacity\": \"32 GB\", \"Memory Kit Type\": \"2 x 16 GB\", \"Bus Clock Speed\": \"6,000 MHz\", \"Specification\": \"PC5-48.000\", \"Memory Latency\": \"CL 36-36-36-76\", \"Latency\": \"CL 36\", \"Voltage\": \"1.35 V\", \"Features\": \"XMP / Heatsink\", \"Packaging\": \"Dual-Kit\", \"Design\": \"DIMM\", \"Form Factor\": \"288-PIN\", \"RAM Operation Mode\": \"Dual-Channel\", \"Width\": \"133.35 mm\", \"Height\": \"35 mm\", \"\": null}}"},
{"name": "Corsair Vengeance 32GB Kit DDR5-6000 CL36 CMK32GX5M2D6000Z36", "description": "Memory Capacity 32 GB | Memory Kit Type 2 x 16 GB | Bus Clock Speed 6,000 MHz | Specification PC5-48.000 | Memory Latency CL 36-36-36-76 | Voltage 1.35 V | Design DIMM | Height 35 mm", "image_links": ["https://cdn.idealo.com/folder/Product/202140/3/202140314/s3_produktbild_max/corsair-vengeance-32gb-kit-ddr5-6000-cl36-cmk32gx5m2d6000z36.jpg", "https://cdn.idealo.com/folder/Product/202140/3/202140314/s3_produktbild_max_1/corsair-vengeance-32gb-kit-ddr5-6000-cl36-cmk32gx5m2d6000z36.jpg", "https://cdn.idealo.com/folder/Product/202140/3/202140314/s3_produktbild_max_2/corsair-vengeance-32gb-kit-ddr5-6000-cl36-cmk32gx5m2d6000z36.jpg", "https://cdn.idealo.com/folder/Product/202140/3/202140314/s3_produktbild_max_3/corsair-vengeance-32gb-kit-ddr5-6000-cl36-cmk32gx5m2d6000z36.jpg"], "price": "99.98", "ram_type": "DDR5", "specifications": "{\"Name\": {\"Product Type\": \"DDR5 RAM\", \"Series\": \"Corsair Vengeance\", \"Colour\": \"Black\"}, \"Additional Information\": {\"Memory Capacity\": \"32 GB\", \"Memory Kit Type\": \"2 x 16 GB\", \"Bus Clock Speed\": \"6,000 MHz\", \"Specification\": \"PC5-48.000\", \"Memory Latency\": \"CL 36-36-36-76\", \"Latency\": \"CL 36\", \"Voltage\": \"1.35 V\", \"Features\": \"EXPO / Heatsink\", \"Packaging\": \"Dual-Kit\", \"Design\": \"DIMM\", \"Form Factor\": \"288-PIN\", \"RAM Operation Mode\": \"Dual-Channel\", \"Width\": \"133.35 mm\", \"Height\": \"35 mm\", \"\": null}}"},
{"name": "Corsair Vengeance 32GB Kit DDR5-6000 CL36 CMK32GX5M2E6000C36", "description": "Memory Capacity 32 GB | Memory Kit Type 2 x 16 GB | Bus Clock Speed 6,000 MHz | Specification PC5-48.000 | Memory Latency CL 36-44-44-96 | Voltage 1.4 V | Design DIMM | Height 35 mm", "image_links": ["https://cdn.idealo.com/folder/Product/202673/7/202673790/s3_produktbild_gross/corsair-vengeance-32gb-kit-ddr5-6000-cl36-cmk32gx5m2e6000c36.jpg"], "price": "89.99", "ram_type": "DDR5", "specifications": "{\"Name\": {\"Product Type\": \"DDR5 RAM\", \"Series\": \"Corsair Vengeance\", \"Colour\": \"Black\"}, \"Additional Information\": {\"Memory Capacity\": \"32 GB\", \"Memory Kit Type\": \"2 x 16 GB\", \"Bus Clock Speed\": \"6,000 MHz\", \"Specification\": \"PC5-48.000\", \"Memory Latency\": \"CL 36-44-44-96\", \"Latency\": \"CL 36\", \"Voltage\": \"1.4 V\", \"Features\": \"XMP / Heatsink\", \"Packaging\": \"Dual-Kit\", \"Design\": \"DIMM\", \"Form Factor\": \"288-PIN\", \"RAM Operation Mode\": \"Dual-Channel\", \"Width\": \"133.35 mm\", \"Height\": \"35 mm\", \"\": null}}"},
{"name": "Crucial 48GB DDR5-5600 CL46 (CT48G56C46S5)", "description": "Memory Capacity 48 GB | Memory Kit Type 1 x 48 GB | Specification PC5-44.800 | Memory Latency CL 46-45-45 | Voltage 1.1 V | Design SO-DIMM | Height 30 mm", "image_links": ["https://cdn.idealo.com/folder/Product/203079/9/203079904/s3_produktbild_gross/crucial-48gb-ddr5-5600-cl46-ct48g56c46s5.jpg"], "price": "87.49", "ram_type": "DDR5", "specifications": "{\"Name\": {\"Product Type\": \"DDR5 RAM\", \"Colour\": \"Black\"}, \"Additional Information\": {\"Memory Capacity\": \"48 GB\", \"Memory Kit Type\": \"1 x 48 GB\", \"Specification\": \"PC5-44.800\", \"Memory Latency\": \"CL 46-45-45\", \"Latency\": \"CL 46\", \"Voltage\": \"1.1 V\", \"Packaging\": \"Single-Kit\", \"Design\": \"SO-DIMM\", \"Form Factor\": \"262-PIN\", \"Width\": \"69.6 mm\", \"Height\": \"30 mm\"}}"},
{"name": "Kingston Server Premier 32GB DDR4-3200 CL22 (KSM32ED8/32HC)", "description": "Memory Capacity 32 GB | Memory Kit Type 1 x 32 GB | Bus Clock Speed 3,200 MHz | Specification PC4-25.600 | Memory Latency CL 22-22-22 | Voltage 1.2 V | Design DIMM", "image_links": ["https://cdn.idealo.com/folder/Product/202219/7/202219787/s3_produktbild_gross/kingston-server-premier-32gb-ddr4-3200-cl22-ksm32ed8-32hc.jpg"], "price": "100.99", "ram_type": "DDR4", "specifications": "{\"Name\": {\"Product Type\": \"DDR4 RAM\", \"Colour\": \"Green\"}, \"Additional Information\": {\"Memory Capacity\": \"32 GB\", \"Memory Kit Type\": \"1 x 32 GB\", \"Bus Clock Speed\": \"3,200 MHz\", \"Specification\": \"PC4-25.600\", \"Memory Latency\": \"CL 22-22-22\", \"Latency\": \"CL 22\", \"Voltage\": \"1.2 V\", \"Features\": \"ECC\", \"Packaging\": \"Single-Kit\", \"Design\": \"DIMM\", \"Form Factor\": \"288-PIN\"}}"},
{"name": "Crucial 16GB Kit DDR4-3200 CL22 (CT2K8G4DFRA32A)", "description": "Memory Capacity 16 GB | Memory Kit Type 2 x 8 GB | Bus Clock Speed 3,200 MHz | Specification PC4-25.600 | Memory Latency CL 22-22-22 | Voltage 1.2 V | Design DIMM", "image_links": ["https://cdn.idealo.com/folder/Product/200568/6/200568667/s3_produktbild_gross/crucial-16gb-kit-ddr4-3200-cl22-ct2k8g4dfra32a.jpg"], "price": "25.99", "ram_type": "DDR4", "specifications": "{\"Name\": {\"Product Type\": \"DDR4 RAM\", \"Colour\": \"Green\"}, \"Additional Information\": {\"Memory Capacity\": \"16 GB\", \"Memory Kit Type\": \"2 x 8 GB\", \"Bus Clock Speed\": \"3,200 MHz\", \"Specification\": \"PC4-25.600\", \"Memory Latency\": \"CL 22-22-22\", \"Voltage\": \"1.2 V\", \"Packaging\": \"Dual-Kit\", \"Design\": \"DIMM\", \"Form Factor\": \"288-PIN\", \"RAM Operation Mode\": \"Dual-Channel\"}}"},
{"name": "G.Skill Trident Z5 Neo RGB 64GB Kit DDR5-6000 CL30 (F5-6000J3040G32GX2-TZ5NR)", "description": "Memory Capacity 64 GB | Memory Kit Type 2 x 32 GB | Bus Clock Speed 6,000 MHz | Specification PC5-48.000 | Memory Latency CL 30-40-40-96 | Voltage 1.4 V | Design DIMM", "image_links": ["https://cdn.idealo.com/folder/Product/202182/5/202182565/s3_produktbild_max/g-skill-trident-z5-neo-rgb-64gb-kit-ddr5-6000-cl30-f5-6000j3040g32gx2-tz5nr.jpg", "https://cdn.idealo.com/folder/Product/202182/5/202182565/s3_produktbild_max_1/g-skill-trident-z5-neo-rgb-64gb-kit-ddr5-6000-cl30-f5-6000j3040g32gx2-tz5nr.jpg", "https://cdn.idealo.com/folder/Product/202182/5/202182565/s3_produktbild_max_2/g-skill-trident-z5-neo-rgb-64gb-kit-ddr5-6000-cl30-f5-6000j3040g32gx2-tz5nr.jpg", "https://cdn.idealo.com/folder/Product/202182/5/202182565/s3_produktbild_max_3/g-skill-trident-z5-neo-rgb-64gb-kit-ddr5-6000-cl30-f5-6000j3040g32gx2-tz5nr.jpg"], "price": "201.04", "ram_type": "DDR5", "specifications": "{\"Name\": {\"Product Type\": \"DDR5 RAM\", \"Series\": \"G.Skill Trident Z5 Neo RGB\", \"Colour\": \"Black\"}, \"Additional Information\": {\"Memory Capacity\": \"64 GB\", \"Memory Kit Type\": \"2 x 32 GB\", \"Bus Clock Speed\": \"6,000 MHz\", \"Specification\": \"PC5-48.000\", \"Memory Latency\": \"CL 30-40-40-96\", \"Latency\": \"CL 30\", \"Voltage\": \"1.4 V\", \"Features\": \"EXPO / Heatsink, LED\", \"Packaging\": \"Dual-Kit\", \"Design\": \"DIMM\", \"Form Factor\": \"288-PIN\", \"RAM Operation Mode\": \"Dual-Channel\", \"\": null}}"},
{"name": "Kingston FURY Beast RGB 32GB Kit DDR5-6000 CL30 KF560C30BBEAK2-32", "description": "Memory Capacity 32 GB | Memory Kit Type 2 x 16 GB | Bus Clock Speed 6,000 MHz | Specification PC5-48.000 | Memory Latency CL 30-36-36 | Voltage 1.4 V | Design DIMM | Height 42.23 mm", "image_links": ["https://cdn.idealo.com/folder/Product/204101/9/204101932/s3_produktbild_max/kingston-fury-beast-rgb-32gb-kit-ddr5-6000-cl30-kf560c30bbeak2-32.jpg", "https://cdn.idealo.com/folder/Product/204101/9/204101932/s3_produktbild_max_1/kingston-fury-beast-rgb-32gb-kit-ddr5-6000-cl30-kf560c30bbeak2-32.jpg", "https://cdn.idealo.com/folder/Product/204101/9/204101932/s3_produktbild_max_2/kingston-fury-beast-rgb-32gb-kit-ddr5-6000-cl30-kf560c30bbeak2-32.jpg", "https://cdn.idealo.com/folder/Product/204101/9/204101932/s3_produktbild_max_3/kingston-fury-beast-rgb-32gb-kit-ddr5-6000-cl30-kf560c30bbeak2-32.jpg"], "price": "96.99", "ram_type": "DDR5", "specifications": "{\"Name\": {\"Product Type\": \"DDR5 RAM\", \"Series\": \"Kingston FURY Beast RGB\", \"Colour\": \"Black\"}, \"Additional Information\": {\"Memory Capacity\": \"32 GB\", \"Memory Kit Type\": \"2 x 16 GB\", \"Bus Clock Speed\": \"6,000 MHz\", \"Specification\": \"PC5-48.000\", \"Memory Latency\": \"CL 30-36-36\", \"Latency\": \"CL 30\", \"Voltage\": \"1.4 V\", \"Features\": \"XMP, EXPO / Heatsink, LED\", \"Packaging\": \"Dual-Kit\", \"Design\": \"DIMM\", \"Form Factor\": \"288-PIN\", \"RAM Operation Mode\": \"Dual-Channel\", \"Width\": \"133.35 mm\", \"Height\": \"42.23 mm\", \"\": null}}"},
{"name": "Kingston FURY Beast RGB 32GB Kit DDR5-6000 CL30 KF560C30BBAK2-32", "description": "Memory Capacity 32 GB | Memory Kit Type 2 x 16 GB | Bus Clock Speed 6,000 MHz | Specification PC5-48.000 | Memory Latency CL 30-36-36 | Voltage 1.4 V | Design DIMM | Height 42.23 mm", "image_links": ["https://cdn.idealo.com/folder/Product/204105/6/204105660/s3_produktbild_max/kingston-fury-beast-rgb-32gb-kit-ddr5-6000-cl30-kf560c30bbak2-32.jpg", "https://cdn.idealo.com/folder/Product/204105/6/204105660/s3_produktbild_max_1/kingston-fury-beast-rgb-32gb-kit-ddr5-6000-cl30-kf560c30bbak2-32.jpg"], "price": "109.99", "ram_type": "DDR5", "specifications": "{\"Name\": {\"Product Type\": \"DDR5 RAM\", \"Series\": \"Kingston FURY Beast RGB\", \"Colour\": \"Black\"}, \"Additional Information\": {\"Memory Capacity\": \"32 GB\", \"Memory Kit Type\": \"2 x 16 GB\", \"Bus Clock Speed\": \"6,000 MHz\", \"Specification\": \"PC5-48.000\", \"Memory Latency\": \"CL 30-36-36\", \"Latency\": \"CL 30\", \"Voltage\": \"1.4 V\", \"Features\": \"XMP / Heatsink, LED\", \"Packaging\": \"Dual-Kit\", \"Design\": \"DIMM\", \"Form Factor\": \"288-PIN\", \"RAM Operation Mode\": \"Dual-Channel\", \"Width\": \"133.35 mm\", \"Height\": \"42.23 mm\", \"\": null}}"},
{"name": "Kingston FURY Beast RGB 32GB Kit DDR5-6000 CL30 KF560C30BWEAK2-32", "description": "Memory Capacity 32 GB | Memory Kit Type 2 x 16 GB | Bus Clock Speed 6,000 MHz | Specification PC5-48.000 | Memory Latency CL 30-36-36 | Voltage 1.4 V | Design DIMM | Height 42.23 mm", "image_links": ["https://cdn.idealo.com/folder/Product/204101/9/204101931/s3_produktbild_max/kingston-fury-beast-rgb-32gb-kit-ddr5-6000-cl30-kf560c30bweak2-32.jpg", "https://cdn.idealo.com/folder/Product/204101/9/204101931/s3_produktbild_max_1/kingston-fury-beast-rgb-32gb-kit-ddr5-6000-cl30-kf560c30bweak2-32.jpg"], "price": "127.31", "ram_type": "DDR5", "specifications": "{\"Name\": {\"Product Type\": \"DDR5 RAM\", \"Series\": \"Kingston FURY Beast RGB\", \"Colour\": \"White\"}, \"Additional Information\": {\"Memory Capacity\": \"32 GB\", \"Memory Kit Type\": \"2 x 16 GB\", \"Bus Clock Speed\": \"6,000 MHz\", \"Specification\": \"PC5-48.000\", \"Memory Latency\": \"CL 30-36-36\", \"Latency\": \"CL 30\", \"Voltage\": \"1.4 V\", \"Features\": \"XMP, EXPO / Heatsink, LED\", \"Packaging\": \"Dual-Kit\", \"Design\": \"DIMM\", \"Form Factor\": \"288-PIN\", \"RAM Operation Mode\": \"Dual-Channel\", \"Width\": \"133.35 mm\", \"Height\": \"42.23 mm\", \"\": null}}"},
{"name": "Kingston FURY Beast RGB 32GB Kit DDR5-6000 CL30 KF560C30BWAK2-32", "description": "Memory Capacity 32 GB | Memory Kit Type 2 x 16 GB | Bus Clock Speed 6,000 MHz | Specification PC5-48.000 | Memory Latency CL 30-36-36 | Voltage 1.4 V | Design DIMM | Height 42.23 mm", "image_links": ["https://cdn.idealo.com/folder/Product/204105/6/204105661/s3_produktbild_max/kingston-fury-beast-rgb-32gb-kit-ddr5-6000-cl30-kf560c30bwak2-32.jpg", "https://cdn.idealo.com/folder/Product/204105/6/204105661/s3_produktbild_max_1/kingston-fury-beast-rgb-32gb-kit-ddr5-6000-cl30-kf560c30bwak2-32.jpg"], "price": "120.99", "ram_type": "DDR5", "specifications": "{\"Name\": {\"Product Type\": \"DDR5 RAM\", \"Series\": \"Kingston FURY Beast RGB\", \"Colour\": \"White\"}, \"Additional Information\": {\"Memory Capacity\": \"32 GB\", \"Memory Kit Type\": \"2 x 16 GB\", \"Bus Clock Speed\": \"6,000 MHz\", \"Specification\": \"PC5-48.000\", \"Memory Latency\": \"CL 30-36-36\", \"Latency\": \"CL 30\", \"Voltage\": \"1.4 V\", \"Features\": \"XMP / Heatsink, LED\", \"Packaging\": \"Dual-Kit\", \"Design\": \"DIMM\", \"Form Factor\": \"288-PIN\", \"RAM Operation Mode\": \"Dual-Channel\", \"Width\": \"133.35 mm\", \"Height\": \"42.23 mm\", \"\": null}}"},
{"name": "Corsair Vengeance LPX 32GB Kit DDR4-3600 CL18 (CMK32GX4M2D3600C18)", "description": "Memory Capacity 32 GB | Memory Kit Type 2 x 16 GB | Bus Clock Speed 3,600 MHz | Specification PC4-28.800 | Memory Latency CL 18-22-22-42 | Voltage 1.35 V | Design DIMM", "image_links": ["https://cdn.idealo.com/folder/Product/6923/0/6923073/s3_produktbild_max/corsair-vengeance-lpx-32gb-kit-ddr4-3600-cl18-cmk32gx4m2d3600c18.jpg", "https://cdn.idealo.com/folder/Product/6923/0/6923073/s3_produktbild_max_1/corsair-vengeance-lpx-32gb-kit-ddr4-3600-cl18-cmk32gx4m2d3600c18.jpg", "https://cdn.idealo.com/folder/Product/6923/0/6923073/s3_produktbild_max_2/corsair-vengeance-lpx-32gb-kit-ddr4-3600-cl18-cmk32gx4m2d3600c18.jpg"], "price": "54.55", "ram_type": "DDR4", "specifications": "{\"Name\": {\"Product Type\": \"DDR4 RAM\", \"Series\": \"Corsair Vengeance LPX\", \"Colour\": \"Black\"}, \"Additional Information\": {\"Memory Capacity\": \"32 GB\", \"Memory Kit Type\": \"2 x 16 GB\", \"Bus Clock Speed\": \"3,600 MHz\", \"Specification\": \"PC4-28.800\", \"Memory Latency\": \"CL 18-22-22-42\", \"Latency\": \"CL 18\", \"Voltage\": \"1.35 V\", \"Features\": \"XMP / Heatsink\", \"Packaging\": \"Dual-Kit\", \"Design\": \"DIMM\", \"Form Factor\": \"288-PIN\", \"RAM Operation Mode\": \"Dual-Channel\", \"Note\": \"Spannung max.: 1.35\", \"\": null}}"},
{"name": "Crucial 64GB Kit DDR5-5600 CL46 (CT2K32G56C46S5)", "description": "Memory Capacity 64 GB | Memory Kit Type 2 x 32 GB | Bus Clock Speed 5,600 MHz | Specification PC5-44.800 | Memory Latency CL 46-45-45 | Voltage 1.1 V | Design SO-DIMM", "image_links": ["https://cdn.idealo.com/folder/Product/203006/8/203006824/s3_produktbild_max/crucial-64gb-kit-ddr5-5600-cl46-ct2k32g56c46s5.jpg", "https://cdn.idealo.com/folder/Product/203006/8/203006824/s3_produktbild_max_1/crucial-64gb-kit-ddr5-5600-cl46-ct2k32g56c46s5.jpg"], "price": "151.99", "ram_type": "DDR5", "specifications": "{\"Name\": {\"Product Type\": \"DDR5 RAM\"}, \"Additional Information\": {\"Memory Capacity\": \"64 GB\", \"Memory Kit Type\": \"2 x 32 GB\", \"Bus Clock Speed\": \"5,600 MHz\", \"Specification\": \"PC5-44.800\", \"Memory Latency\": \"CL 46-45-45\", \"Latency\": \"CL 46\", \"Voltage\": \"1.1 V\", \"Packaging\": \"Dual-Kit\", \"Design\": \"SO-DIMM\", \"Form Factor\": \"262-PIN\"}}"},
{"name": "Kingston FURY Beast 128GB Kit DDR5-5600 CL40 KF556C40BBK4-128", "description": "Memory Capacity 128 GB | Memory Kit Type 4 x 32 GB | Bus Clock Speed 5,600 MHz | Specification PC5-44.800 | Memory Latency CL 40-40-40 | Voltage 1.25 V | Design DIMM | Height 34.9 mm", "image_links": ["https://cdn.idealo.com/folder/Product/202693/3/202693314/s3_produktbild_max/kingston-fury-beast-128gb-kit-ddr5-5600-cl40-kf556c40bbk4-128.jpg", "https://cdn.idealo.com/folder/Product/202693/3/202693314/s3_produktbild_max_1/kingston-fury-beast-128gb-kit-ddr5-5600-cl40-kf556c40bbk4-128.jpg"], "price": "267.14", "ram_type": "DDR5", "specifications": "{\"Name\": {\"Product Type\": \"DDR5 RAM\", \"Series\": \"Kingston FURY Beast\", \"Colour\": \"Black\"}, \"Additional Information\": {\"Memory Capacity\": \"128 GB\", \"Memory Kit Type\": \"4 x 32 GB\", \"Bus Clock Speed\": \"5,600 MHz\", \"Specification\": \"PC5-44.800\", \"Memory Latency\": \"CL 40-40-40\", \"Latency\": \"CL 40\", \"Voltage\": \"1.25 V\", \"Features\": \"XMP / Heatsink\", \"Packaging\": \"Quad-Kit\", \"Design\": \"DIMM\", \"Form Factor\": \"288-PIN\", \"RAM Operation Modes\": \"Dual-Channel, Quad-Channel\", \"Width\": \"133.35 mm\", \"Height\": \"34.9 mm\", \"\": null}}"},
{"name": "Corsair Vengeance RGB 48GB Kit DDR5-8200 CL40 (CMHC48GX5M2X8200C40)", "description": "Memory Capacity 48 GB | Memory Kit Type 2 x 24 GB | Bus Clock Speed 8,200 MHz | Specification PC5-67.200 | Memory Latency CL 40-52-52-132 | Voltage 1.4 V | Design DIMM | Height 44 mm", "image_links": ["https://cdn.idealo.com/folder/Product/205275/1/205275166/s3_produktbild_max/corsair-vengeance-rgb-48gb-kit-ddr5-8200-cl40-cmhc48gx5m2x8200c40.jpg", "https://cdn.idealo.com/folder/Product/205275/1/205275166/s3_produktbild_max_1/corsair-vengeance-rgb-48gb-kit-ddr5-8200-cl40-cmhc48gx5m2x8200c40.jpg", "https://cdn.idealo.com/folder/Product/205275/1/205275166/s3_produktbild_max_2/corsair-vengeance-rgb-48gb-kit-ddr5-8200-cl40-cmhc48gx5m2x8200c40.jpg", "https://cdn.idealo.com/folder/Product/205275/1/205275166/s3_produktbild_max_3/corsair-vengeance-rgb-48gb-kit-ddr5-8200-cl40-cmhc48gx5m2x8200c40.jpg"], "price": "259.99", "ram_type": "DDR5", "specifications": "{\"Name\": {\"Product Type\": \"DDR5 RAM\", \"Series\": \"Corsair Vengeance RGB\", \"Colour\": \"Silver\"}, \"Additional Information\": {\"Memory Capacity\": \"48 GB\", \"Memory Kit Type\": \"2 x 24 GB\", \"Bus Clock Speed\": \"8,200 MHz\", \"Specification\": \"PC5-67.200\", \"Memory Latency\": \"CL 40-52-52-132\", \"Latency\": \"CL 40\", \"Voltage\": \"1.4 V\", \"Features\": \"XMP, Clock Driver / LED, Heatsink\", \"Packaging\": \"Dual-Kit\", \"Design\": \"DIMM\", \"Form Factor\": \"288-PIN\", \"RAM Operation Mode\": \"Dual-Channel\", \"Width\": \"135 mm\", \"Height\": \"44 mm\", \"\": null}}"},
{"name": "Corsair Vengeance 32GB Kit DDR5-6000 CL36 CMK32GX5M2E6000Z36", "description": "Memory Capacity 32 GB | Memory Kit Type 2 x 16 GB | Bus Clock Speed 6,000 MHz | Specification PC5-48.000 | Memory Latency CL 36-44-44-96 | Voltage 1.35 V | Design DIMM | Height 35 mm", "image_links": ["https://cdn.idealo.com/folder/Product/203367/3/203367360/s3_produktbild_max/corsair-vengeance-32gb-kit-ddr5-6000-cl36-cmk32gx5m2e6000z36.jpg", "https://cdn.idealo.com/folder/Product/203367/3/203367360/s3_produktbild_max_1/corsair-vengeance-32gb-kit-ddr5-6000-cl36-cmk32gx5m2e6000z36.jpg"], "price": "79.99", "ram_type": "DDR5", "specifications": "{\"Name\": {\"Product Type\": \"DDR5 RAM\", \"Series\": \"Corsair Vengeance\", \"Colour\": \"Grey\"}, \"Additional Information\": {\"Memory Capacity\": \"32 GB\", \"Memory Kit Type\": \"2 x 16 GB\", \"Bus Clock Speed\": \"6,000 MHz\", \"Specification\": \"PC5-48.000\", \"Memory Latency\": \"CL 36-44-44-96\", \"Latency\": \"CL 36\", \"Voltage\": \"1.35 V\", \"Features\": \"EXPO, XMP / Heatsink\", \"Packaging\": \"Dual-Kit\", \"Design\": \"DIMM\", \"Form Factor\": \"288-PIN\", \"RAM Operation Mode\": \"Dual-Channel\", \"Width\": \"133.35 mm\", \"Height\": \"35 mm\", \"\": null}}"},
{"name": "Kingston FURY Beast RGB 128GB Kit DDR5-5600 CL40 KF556C40BBAK4-128", "description": "Memory Capacity 128 GB | Memory Kit Type 4 x 32 GB | Bus Clock Speed 5,600 MHz | Specification PC5-44.800 | Memory Latency CL 40-40-40 | Voltage 1.25 V | Design DIMM | Height 42.23 mm", "image_links": ["https://cdn.idealo.com/folder/Product/202794/9/202794997/s3_produktbild_gross/kingston-fury-beast-rgb-128gb-kit-ddr5-5600-cl40-kf556c40bbak4-128.jpg"], "price": "283.67", "ram_type": "DDR5", "specifications": "{\"Name\": {\"Product Type\": \"DDR5 RAM\", \"Series\": \"Kingston FURY Beast RGB\", \"Colour\": \"Black\"}, \"Additional Information\": {\"Memory Capacity\": \"128 GB\", \"Memory Kit Type\": \"4 x 32 GB\", \"Bus Clock Speed\": \"5,600 MHz\", \"Specification\": \"PC5-44.800\", \"Memory Latency\": \"CL 40-40-40\", \"Latency\": \"CL 40\", \"Voltage\": \"1.25 V\", \"Features\": \"XMP / LED, Heatsink\", \"Packaging\": \"Quad-Kit\", \"Design\": \"DIMM\", \"Form Factor\": \"288-PIN\", \"RAM Operation Modes\": \"Dual-Channel, Octa-Channel\", \"Width\": \"133.35 mm\", \"Height\": \"42.23 mm\", \"\": null}}"},
{"name": "Kingston FURY Beast RGB 128GB Kit DDR5-5600 CL40 KF556C40BWAK4-128", "description": "Memory Capacity 128 GB | Memory Kit Type 4 x 32 GB | Bus Clock Speed 5,600 MHz | Specification PC5-44.800 | Memory Latency CL 40-40-40 | Voltage 1.25 V | Design DIMM | Height 42.23 mm", "image_links": ["https://cdn.idealo.com/folder/Product/202938/4/202938471/s3_produktbild_gross/kingston-fury-beast-rgb-128gb-kit-ddr5-5600-cl40-kf556c40bwak4-128.jpg"], "price": "340.40", "ram_type": "DDR5", "specifications": "{\"Name\": {\"Product Type\": \"DDR5 RAM\", \"Series\": \"Kingston FURY Beast RGB\", \"Colour\": \"White\"}, \"Additional Information\": {\"Memory Capacity\": \"128 GB\", \"Memory Kit Type\": \"4 x 32 GB\", \"Bus Clock Speed\": \"5,600 MHz\", \"Specification\": \"PC5-44.800\", \"Memory Latency\": \"CL 40-40-40\", \"Latency\": \"CL 40\", \"Voltage\": \"1.25 V\", \"Features\": \"XMP / LED, Heatsink\", \"Packaging\": \"Quad-Kit\", \"Design\": \"DIMM\", \"Form Factor\": \"288-PIN\", \"RAM Operation Modes\": \"Dual-Channel, Quad-Channel\", \"Width\": \"133.35 mm\", \"Height\": \"42.23 mm\", \"\": null}}"}
]